Player,Club,Kicks TOT,Kicks AVG,Handballs TOT,Handballs AVG,Disposals TOT,Disposals AVG,Cont Poss TOT,Cont Poss AVG,Uncont Poss TOT,Uncont Poss AVG,Disp eff %,Clangers TOT,Clangers AVG,Marks TOT,Marks AVG,Cont marks TOT,Cont marks AVG,Marks50 TOT,Marks50 AVG,Hit-outs TOT,Hit-outs AVG,Clearances TOT,Clearances AVG,Frees For TOT,Frees For AVG,Frees Agst TOT,Frees Agst AVG,Tackles TOT,Tackles AVG,One %s TOT,One %s AVG,Bounces TOT,Bounces AVG,Goals TOT,Goals AVG,Behinds TOT,Behinds AVG,Goal assists TOT,Goal assists AVG,Goal acc %,Matches,Time On Ground %,Year
Aasta O'Connor,WB,9,2.3,14,3.5,23,5.8,12,3,12,3,65.2,8,2,4,1,0,0,2,0.5,24,6,0,0,1,0.3,3,0.8,6,1.5,6,1.5,0,0,1,0.3,0,0,1,0.3,100,4,73.6,2017
Abbey Holmes,ADEL,35,4.4,38,4.8,73,9.1,51,6.4,27,3.4,52.1,17,2.1,9,1.1,4,0.5,2,0.3,0,0,5,0.6,8,1,2,0.3,16,2,5,0.6,0,0,2,0.3,2,0.3,2,0.3,40,8,64.5,2017
Aimee Schmidt,GWS,21,3,17,2.4,38,5.4,13,1.9,23,3.3,55.3,8,1.1,15,2.1,1,0.1,3,0.4,0,0,0,0,1,0.1,3,0.4,9,1.3,5,0.7,0,0,3,0.4,0,0,0,0,50,7,82.4,2017
Ainslie Kemp,MELB,21,5.3,9,2.3,30,7.5,18,4.5,12,3,50,6,1.5,8,2,5,1.3,3,0.8,0,0,3,0.8,1,0.3,2,0.5,8,2,0,0,0,0,0,0,2,0.5,1,0.3,0,4,63.7,2017
Akec Makur Chuot,FRE,29,4.8,8,1.3,37,6.2,20,3.3,16,2.7,48.6,8,1.3,2,0.3,1,0.2,0,0,6,1,5,0.8,0,0,2,0.3,13,2.2,11,1.8,1,0.2,0,0,0,0,0,0,0,6,64.9,2017
Alex Williams,GWS,47,6.7,20,2.9,67,9.6,35,5,23,3.3,59.7,10,1.4,6,0.9,0,0,0,0,0,0,4,0.6,8,1.1,1,0.1,21,3,14,2,1,0.1,0,0,1,0.1,1,0.1,0,7,88.6,2017
Alexandra Anderson,BL,29,3.6,29,3.6,58,7.3,33,4.1,28,3.5,56.9,10,1.3,6,0.8,0,0,0,0,1,0.1,7,0.9,4,0.5,5,0.6,27,3.4,3,0.4,0,0,0,0,1,0.1,0,0,0,8,57.5,2017
Alexandra Saundry,GWS,7,1.8,5,1.3,12,3,7,1.8,5,1.3,33.3,9,2.3,2,0.5,0,0,0,0,0,0,0,0,1,0.3,5,1.3,4,1,3,0.8,0,0,0,0,0,0,0,0,0,4,56.2,2017
Alicia Eva,COLL,63,9,16,2.3,79,11.3,35,5,42,6,50.6,22,3.1,16,2.3,0,0,1,0.1,0,0,11,1.6,7,1,5,0.7,32,4.6,7,1,2,0.3,3,0.4,1,0.1,0,0,75,7,84.9,2017
Alicia Janz,FRE,4,1.3,9,3,13,4.3,11,3.7,2,0.7,61.5,5,1.7,1,0.3,1,0.3,1,0.3,47,15.7,2,0.7,2,0.7,1,0.3,16,5.3,4,1.3,0,0,0,0,0,0,0,0,0,3,72.3,2017
Aliesha Newman,MELB,15,3.8,7,1.8,22,5.5,7,1.8,13,3.3,50,5,1.3,6,1.5,0,0,2,0.5,0,0,0,0,1,0.3,2,0.5,4,1,0,0,4,1,2,0.5,2,0.5,0,0,33.3,4,50.9,2017
Alison Brown,CARL,15,2.1,11,1.6,26,3.7,8,1.1,18,2.6,65.4,2,0.3,6,0.9,0,0,1,0.1,0,0,1,0.1,2,0.3,0,0,10,1.4,0,0,1,0.1,0,0,1,0.1,0,0,0,7,47.9,2017
Alison Downie,CARL,33,4.7,17,2.4,50,7.1,30,4.3,21,3,68,13,1.9,15,2.1,6,0.9,0,0,89,12.7,10,1.4,7,1,6,0.9,16,2.3,15,2.1,0,0,2,0.3,0,0,0,0,66.7,7,78.6,2017
Alyssa Mifsud,MELB,28,4,13,1.9,41,5.9,23,3.3,17,2.4,63.4,14,2,10,1.4,5,0.7,7,1,2,0.3,1,0.1,4,0.6,6,0.9,21,3,2,0.3,0,0,9,1.3,3,0.4,2,0.3,45,7,66,2017
Amanda Farrugia,GWS,49,7,14,2,63,9,25,3.6,38,5.4,52.4,14,2,14,2,0,0,0,0,0,0,5,0.7,5,0.7,5,0.7,27,3.9,15,2.1,0,0,0,0,0,0,0,0,0,7,92.2,2017
Amelia Barden,COLL,36,5.1,29,4.1,65,9.3,50,7.1,19,2.7,47.7,12,1.7,8,1.1,1,0.1,0,0,0,0,17,2.4,9,1.3,5,0.7,39,5.6,2,0.3,2,0.3,0,0,1,0.1,0,0,0,7,69.5,2017
Amy Lavell,FRE,34,4.9,21,3,55,7.9,33,4.7,24,3.4,54.5,9,1.3,14,2,5,0.7,6,0.9,0,0,3,0.4,2,0.3,1,0.1,17,2.4,10,1.4,0,0,2,0.3,3,0.4,3,0.4,33.3,7,81.2,2017
Angela Foley,ADEL,56,7,22,2.8,78,9.8,50,6.3,31,3.9,48.7,25,3.1,16,2,2,0.3,1,0.1,0,0,3,0.4,8,1,7,0.9,15,1.9,4,0.5,0,0,1,0.1,0,0,0,0,33.3,8,80.9,2017
Angelica Gogos,WB,27,3.9,27,3.9,54,7.7,32,4.6,23,3.3,61.1,4,0.6,2,0.3,0,0,0,0,0,0,11,1.6,11,1.6,1,0.1,43,6.1,5,0.7,0,0,1,0.1,2,0.3,0,0,25,7,70.6,2017
Anne Hatchard,ADEL,20,2.9,22,3.1,42,6,31,4.4,14,2,66.7,7,1,9,1.3,1,0.1,1,0.1,4,0.6,0,0,9,1.3,3,0.4,9,1.3,11,1.6,0,0,0,0,0,0,0,0,0,7,67.1,2017
Ashleigh Guest,GWS,46,6.6,22,3.1,68,9.7,33,4.7,35,5,63.2,9,1.3,13,1.9,0,0,0,0,3,0.4,14,2,7,1,4,0.6,29,4.1,1,0.1,1,0.1,0,0,0,0,1,0.1,0,7,79.5,2017
Ashley Sharp,FRE,15,2.1,16,2.3,31,4.4,12,1.7,21,3,71,10,1.4,4,0.6,0,0,2,0.3,0,0,2,0.3,0,0,5,0.7,12,1.7,4,0.6,1,0.1,4,0.6,3,0.4,1,0.1,50,7,77.3,2017
Bailey Hunt,WB,14,2,23,3.3,37,5.3,19,2.7,18,2.6,73,4,0.6,4,0.6,1,0.1,0,0,0,0,2,0.3,2,0.3,4,0.6,16,2.3,9,1.3,0,0,0,0,0,0,0,0,0,7,90.3,2017
Beatrice Devlyn,FRE,6,3,0,0,6,3,2,1,4,2,16.7,2,1,0,0,0,0,0,0,0,0,1,0.5,0,0,0,0,2,1,2,1,0,0,0,0,0,0,0,0,0,2,46.9,2017
Belinda Smith,FRE,44,6.3,22,3.1,66,9.4,34,4.9,32,4.6,60.6,8,1.1,13,1.9,1,0.1,0,0,0,0,2,0.3,3,0.4,1,0.1,16,2.3,5,0.7,2,0.3,0,0,0,0,1,0.1,0,7,61.8,2017
Bianca Jakobsson,CARL,37,5.3,26,3.7,63,9,30,4.3,37,5.3,46,16,2.3,26,3.7,6,0.9,10,1.4,2,0.3,1,0.1,2,0.3,4,0.6,10,1.4,8,1.1,0,0,4,0.6,3,0.4,2,0.3,40,7,90.5,2017
Breann Moody,CARL,24,3.4,10,1.4,34,4.9,23,3.3,8,1.1,50,11,1.6,1,0.1,0,0,0,0,83,11.9,10,1.4,3,0.4,2,0.3,5,0.7,2,0.3,0,0,1,0.1,0,0,0,0,100,7,53.6,2017
Breanna Koenen,BL,34,4.3,17,2.1,51,6.4,26,3.3,25,3.1,56.9,12,1.5,13,1.6,1,0.1,0,0,0,0,8,1,7,0.9,2,0.3,19,2.4,6,0.8,0,0,0,0,0,0,0,0,0,8,64.3,2017
Bree White,COLL,32,4.6,28,4,60,8.6,43,6.1,22,3.1,55,8,1.1,6,0.9,2,0.3,3,0.4,0,0,16,2.3,3,0.4,2,0.3,22,3.1,11,1.6,0,0,1,0.1,0,0,0,0,100,7,60.4,2017
Brianna Davey,CARL,58,9.7,56,9.3,114,19,63,10.5,48,8,67.5,26,4.3,23,3.8,7,1.2,2,0.3,0,0,8,1.3,2,0.3,9,1.5,17,2.8,8,1.3,7,1.2,1,0.2,0,0,0,0,33.3,6,94.7,2017
Brianna Green,FRE,5,2.5,6,3,11,5.5,6,3,7,3.5,72.7,5,2.5,2,1,0,0,0,0,0,0,2,1,0,0,3,1.5,5,2.5,1,0.5,0,0,0,0,0,0,0,0,0,2,50.8,2017
Britt Tully,GWS,53,7.6,19,2.7,72,10.3,53,7.6,19,2.7,48.6,13,1.9,5,0.7,1,0.1,0,0,0,0,22,3.1,3,0.4,3,0.4,28,4,4,0.6,0,0,0,0,2,0.3,0,0,0,7,62.5,2017
Brittany Bonnici,COLL,46,6.6,18,2.6,64,9.1,29,4.1,35,5,43.8,15,2.1,8,1.1,0,0,0,0,0,0,8,1.1,6,0.9,5,0.7,32,4.6,7,1,1,0.1,0,0,0,0,0,0,0,7,53.5,2017
Brittany Gibson,BL,46,5.8,27,3.4,73,9.1,39,4.9,34,4.3,63,15,1.9,14,1.8,0,0,2,0.3,0,0,14,1.8,5,0.6,8,1,19,2.4,5,0.6,4,0.5,2,0.3,3,0.4,0,0,33.3,8,78.3,2017
Brooke Lochland,WB,47,6.7,17,2.4,64,9.1,30,4.3,31,4.4,39.1,16,2.3,7,1,0,0,1,0.1,0,0,15,2.1,7,1,8,1.1,32,4.6,6,0.9,2,0.3,1,0.1,2,0.3,0,0,25,7,79.8,2017
Brooke Patterson,MELB,23,5.8,15,3.8,38,9.5,18,4.5,20,5,65.8,6,1.5,8,2,1,0.3,0,0,0,0,2,0.5,0,0,0,0,5,1.3,3,0.8,0,0,0,0,0,0,0,0,0,4,66.3,2017
Brooke Whyte,FRE,19,4.8,7,1.8,26,6.5,14,3.5,13,3.3,42.3,6,1.5,6,1.5,1,0.3,0,0,0,0,0,0,2,0.5,2,0.5,5,1.3,3,0.8,0,0,0,0,0,0,0,0,0,4,53.7,2017
Caitlin Collins,BL,0,0,0,0,0,0,0,0,0,0,0,0,0,0,0,0,0,0,0,0,0,0,0,0,0,0,0,0,0,0,0,0,0,0,0,0,0,0,0,0,0,0,2017
Caitlyn Edwards,COLL,37,5.3,19,2.7,56,8,24,3.4,28,4,62.5,11,1.6,10,1.4,0,0,1,0.1,0,0,9,1.3,6,0.9,7,1,14,2,5,0.7,6,0.9,2,0.3,2,0.3,0,0,50,7,69.5,2017
Cassie Davidson,FRE,37,5.3,5,0.7,42,6,16,2.3,17,2.4,57.1,15,2.1,14,2,2,0.3,0,0,0,0,0,0,5,0.7,3,0.4,18,2.6,8,1.1,4,0.6,0,0,0,0,0,0,0,7,78.4,2017
Catherine Phillips,MELB,46,6.6,33,4.7,79,11.3,41,5.9,40,5.7,64.6,20,2.9,17,2.4,2,0.3,4,0.6,2,0.3,4,0.6,4,0.6,10,1.4,13,1.9,5,0.7,1,0.1,5,0.7,2,0.3,0,0,62.5,7,90.4,2017
Cecilia McIntosh,COLL,21,3.5,17,2.8,38,6.3,21,3.5,19,3.2,65.8,7,1.2,6,1,1,0.2,1,0.2,0,0,4,0.7,7,1.2,4,0.7,17,2.8,9,1.5,2,0.3,1,0.2,0,0,0,0,100,6,80.9,2017
Chelsea Randall,ADEL,85,10.6,28,3.5,113,14.1,70,8.8,44,5.5,60.2,29,3.6,24,3,5,0.6,2,0.3,3,0.4,13,1.6,11,1.4,9,1.1,39,4.9,24,3,2,0.3,2,0.3,2,0.3,1,0.1,28.6,8,97.1,2017
Christina Bernardi,COLL,35,5.8,7,1.2,42,7,18,3,23,3.8,45.2,17,2.8,13,2.2,1,0.2,1,0.2,0,0,3,0.5,3,0.5,1,0.2,7,1.2,2,0.3,2,0.3,2,0.3,3,0.5,2,0.3,28.6,6,76.1,2017
Clare Lawton,GWS,17,2.4,10,1.4,27,3.9,19,2.7,9,1.3,51.9,8,1.1,5,0.7,2,0.3,0,0,27,3.9,5,0.7,7,1,4,0.6,17,2.4,4,0.6,0,0,0,0,0,0,0,0,0,7,59.2,2017
Codie Briggs,GWS,1,0.3,3,1,4,1.3,5,1.7,1,0.3,75,2,0.7,0,0,0,0,0,0,0,0,1,0.3,0,0,1,0.3,6,2,0,0,0,0,0,0,0,0,0,0,0,3,41.8,2017
Courtney Clarkson,WB,12,2,7,1.2,19,3.2,11,1.8,7,1.2,52.6,4,0.7,4,0.7,1,0.2,0,0,34,5.7,4,0.7,1,0.2,3,0.5,10,1.7,3,0.5,0,0,1,0.2,0,0,0,0,100,6,32.3,2017
Courtney Cramey,ADEL,60,7.5,10,1.3,70,8.8,32,4,27,3.4,67.1,8,1,16,2,2,0.3,1,0.1,0,0,9,1.1,13,1.6,3,0.4,19,2.4,6,0.8,0,0,0,0,2,0.3,1,0.1,0,8,68.5,2017
Daisy Pearce,MELB,79,11.3,74,10.6,153,21.9,81,11.6,72,10.3,63.4,18,2.6,16,2.3,3,0.4,3,0.4,0,0,24,3.4,4,0.6,5,0.7,36,5.1,11,1.6,2,0.3,1,0.1,1,0.1,5,0.7,25,7,89.4,2017
Dana Hooker,FRE,87,12.4,34,4.9,121,17.3,60,8.6,55,7.9,52.1,24,3.4,19,2.7,1,0.1,3,0.4,0,0,19,2.7,5,0.7,5,0.7,23,3.3,7,1,0,0,0,0,1,0.1,0,0,0,7,91.1,2017
Danielle Hardiman,CARL,52,8.7,12,2,64,10.7,35,5.8,26,4.3,57.8,16,2.7,15,2.5,3,0.5,0,0,0,0,0,0,2,0.3,2,0.3,15,2.5,6,1,2,0.3,0,0,0,0,0,0,0,6,88.1,2017
Darcy Vescio,CARL,39,5.6,11,1.6,50,7.1,38,5.4,13,1.9,64,9,1.3,13,1.9,7,1,9,1.3,0,0,2,0.3,6,0.9,4,0.6,18,2.6,4,0.6,1,0.1,14,2,4,0.6,2,0.3,63.6,7,99.2,2017
Dayna Cox,ADEL,44,5.5,22,2.8,66,8.3,35,4.4,32,4,57.6,10,1.3,9,1.1,0,0,2,0.3,0,0,4,0.5,5,0.6,4,0.5,16,2,7,0.9,0,0,0,0,0,0,0,0,0,8,75.8,2017
Deanna Berry,MELB,43,6.1,6,0.9,49,7,24,3.4,20,2.9,49,13,1.9,11,1.6,1,0.1,3,0.4,0,0,1,0.1,4,0.6,4,0.6,7,1,5,0.7,1,0.1,5,0.7,5,0.7,2,0.3,45.5,7,65.6,2017
Delissa Kimmince,BL,7,7,0,0,7,7,1,1,5,5,71.4,2,2,3,3,0,0,0,0,0,0,0,0,0,0,0,0,1,1,0,0,0,0,0,0,0,0,0,0,0,1,67.3,2017
Demi Okely,FRE,18,2.6,4,0.6,22,3.1,14,2,12,1.7,31.8,12,1.7,5,0.7,0,0,0,0,0,0,2,0.3,1,0.1,8,1.1,7,1,0,0,0,0,0,0,1,0.1,0,0,0,7,54.8,2017
Deni Varnhagen,ADEL,57,7.1,17,2.1,74,9.3,28,3.5,46,5.8,50,16,2,17,2.1,0,0,2,0.3,0,0,8,1,4,0.5,4,0.5,14,1.8,10,1.3,1,0.1,2,0.3,0,0,0,0,40,8,69.4,2017
Ebony Antonio,FRE,45,7.5,25,4.2,70,11.7,37,6.2,32,5.3,58.6,15,2.5,19,3.2,3,0.5,0,0,0,0,9,1.5,7,1.2,2,0.3,27,4.5,6,1,1,0.2,2,0.3,1,0.2,2,0.3,66.7,6,96.9,2017
Ebony Marinoff,ADEL,97,12.1,31,3.9,128,16,72,9,51,6.4,53.9,31,3.9,19,2.4,3,0.4,1,0.1,0,0,25,3.1,8,1,16,2,76,9.5,4,0.5,0,0,0,0,2,0.3,1,0.1,0,8,80.1,2017
Elise O'Dea,MELB,82,11.7,53,7.6,135,19.3,58,8.3,77,11,60,24,3.4,20,2.9,1,0.1,2,0.3,1,0.1,19,2.7,6,0.9,10,1.4,32,4.6,4,0.6,0,0,1,0.1,1,0.1,4,0.6,25,7,80.3,2017
Elise Strachan,MELB,2,2,0,0,2,2,0,0,1,1,50,1,1,1,1,0,0,0,0,0,0,0,0,0,0,0,0,0,0,1,1,0,0,0,0,0,0,0,0,0,1,48.3,2017
Ella Ross,GWS,20,2.9,16,2.3,36,5.1,23,3.3,12,1.7,55.6,8,1.1,3,0.4,0,0,1,0.1,0,0,10,1.4,2,0.3,6,0.9,17,2.4,1,0.1,0,0,0,0,0,0,1,0.1,0,7,43.4,2017
Ellie Blackburn,WB,101,14.4,35,5,136,19.4,62,8.9,72,10.3,54.4,25,3.6,17,2.4,0,0,4,0.6,0,0,24,3.4,7,1,8,1.1,26,3.7,7,1,2,0.3,6,0.9,12,1.7,0,0,28.6,7,95.5,2017
Ellie Brush,GWS,35,5.8,11,1.8,46,7.7,22,3.7,19,3.2,52.2,4,0.7,8,1.3,1,0.2,1,0.2,0,0,3,0.5,2,0.3,2,0.3,16,2.7,2,0.3,1,0.2,1,0.2,1,0.2,2,0.3,33.3,6,88.4,2017
Ellyse Gamble,WB,10,1.7,12,2,22,3.7,11,1.8,12,2,45.5,8,1.3,5,0.8,2,0.3,1,0.2,1,0.2,0,0,1,0.2,3,0.5,9,1.5,7,1.2,0,0,0,0,1,0.2,0,0,0,6,83.2,2017
Emily Bates,BL,84,10.5,41,5.1,125,15.6,66,8.3,59,7.4,57.6,22,2.8,21,2.6,4,0.5,5,0.6,0,0,17,2.1,12,1.5,9,1.1,38,4.8,9,1.1,4,0.5,1,0.1,1,0.1,3,0.4,25,8,74.4,2017
Emily Bonser,FRE,0,0,0,0,0,0,0,0,0,0,0,0,0,0,0,0,0,0,0,0,0,0,0,0,0,0,0,0,0,0,0,0,0,0,0,0,0,0,0,0,0,0,2017
Emma Grant,COLL,35,5,10,1.4,45,6.4,20,2.9,30,4.3,66.7,11,1.6,17,2.4,1,0.1,1,0.1,1,0.1,5,0.7,3,0.4,3,0.4,23,3.3,13,1.9,1,0.1,1,0.1,0,0,0,0,100,7,71.4,2017
Emma Humphries,MELB,27,3.9,10,1.4,37,5.3,23,3.3,15,2.1,59.5,8,1.1,6,0.9,0,0,0,0,0,0,6,0.9,7,1,2,0.3,13,1.9,2,0.3,3,0.4,1,0.1,0,0,1,0.1,100,7,53.6,2017
Emma Kearney,WB,82,11.7,68,9.7,150,21.4,75,10.7,76,10.9,62.7,20,2.9,17,2.4,2,0.3,3,0.4,0,0,36,5.1,11,1.6,8,1.1,20,2.9,2,0.3,13,1.9,0,0,4,0.6,4,0.6,0,7,93.3,2017
Emma King,COLL,28,4,14,2,42,6,24,3.4,14,2,42.9,11,1.6,7,1,2,0.3,1,0.1,199,28.4,7,1,3,0.4,4,0.6,8,1.1,8,1.1,0,0,0,0,1,0.1,0,0,0,7,73,2017
Emma Swanson,GWS,52,10.4,28,5.6,80,16,47,9.4,32,6.4,51.3,19,3.8,13,2.6,2,0.4,1,0.2,0,0,21,4.2,6,1.2,5,1,14,2.8,1,0.2,0,0,0,0,1,0.2,1,0.2,0,5,75.7,2017
Emma Zielke,BL,65,8.1,27,3.4,92,11.5,49,6.1,38,4.8,57.6,12,1.5,18,2.3,1,0.1,2,0.3,1,0.1,20,2.5,13,1.6,3,0.4,41,5.1,7,0.9,0,0,3,0.4,0,0,1,0.1,60,8,79.8,2017
Erin McKinnon,GWS,8,1.1,15,2.1,23,3.3,20,2.9,2,0.3,56.5,7,1,1,0.1,1,0.1,0,0,154,22,6,0.9,3,0.4,3,0.4,9,1.3,3,0.4,0,0,0,0,0,0,0,0,0,7,63.8,2017
Erin Phillips,ADEL,124,15.5,36,4.5,160,20,110,13.8,39,4.9,57.5,24,3,23,2.9,8,1,8,1,1,0.1,40,5,27,3.4,8,1,30,3.8,6,0.8,2,0.3,10,1.3,8,1,4,0.5,38.5,8,97.9,2017
Gabby O'Sullivan,FRE,32,4.6,35,5,67,9.6,35,5,26,3.7,52.2,16,2.3,6,0.9,0,0,1,0.1,0,0,12,1.7,1,0.1,6,0.9,31,4.4,2,0.3,0,0,1,0.1,5,0.7,3,0.4,14.3,7,82.4,2017
Gabriella Pound,CARL,35,5,13,1.9,48,6.9,29,4.1,20,2.9,56.3,12,1.7,6,0.9,2,0.3,1,0.1,0,0,3,0.4,6,0.9,6,0.9,18,2.6,5,0.7,0,0,1,0.1,0,0,2,0.3,50,7,74.1,2017
Gemma Houghton,FRE,36,5.1,26,3.7,62,8.9,37,5.3,20,2.9,53.2,19,2.7,11,1.6,6,0.9,3,0.4,19,2.7,13,1.9,6,0.9,10,1.4,28,4,3,0.4,0,0,3,0.4,5,0.7,0,0,37.5,7,71.6,2017
Georgia Bevan,ADEL,53,6.6,12,1.5,65,8.1,32,4,35,4.4,44.6,14,1.8,8,1,0,0,0,0,0,0,3,0.4,8,1,1,0.1,25,3.1,5,0.6,0,0,1,0.1,1,0.1,0,0,50,8,65.3,2017
Georgia Walker,COLL,5,2.5,3,1.5,8,4,5,2.5,3,1.5,62.5,2,1,0,0,0,0,0,0,0,0,0,0,1,0.5,0,0,3,1.5,0,0,0,0,0,0,0,0,0,0,0,2,40.1,2017
Hannah Dunn,GWS,3,3,1,1,4,4,4,4,1,1,0,5,5,1,1,0,0,0,0,0,0,1,1,0,0,3,3,4,4,0,0,0,0,0,0,0,0,0,0,0,1,44.5,2017
Hannah Scott,WB,68,9.7,21,3,89,12.7,32,4.6,51,7.3,59.6,24,3.4,15,2.1,1,0.1,0,0,0,0,3,0.4,4,0.6,8,1.1,23,3.3,22,3.1,1,0.1,1,0.1,0,0,1,0.1,100,7,92.7,2017
Hannah Wallett,GWS,6,1.5,4,1,10,2.5,7,1.8,4,1,70,2,0.5,3,0.8,0,0,0,0,0,0,1,0.3,1,0.3,2,0.5,8,2,2,0.5,0,0,1,0.3,1,0.3,0,0,50,4,47,2017
Harriet Cordner,MELB,18,2.6,11,1.6,29,4.1,18,2.6,15,2.1,58.6,13,1.9,4,0.6,1,0.1,1,0.1,16,2.3,4,0.6,1,0.1,8,1.1,23,3.3,3,0.4,0,0,1,0.1,1,0.1,0,0,33.3,7,42,2017
Hayley Miller,FRE,48,6.9,10,1.4,58,8.3,28,4,31,4.4,56.9,11,1.6,15,2.1,1,0.1,1,0.1,0,0,3,0.4,4,0.6,2,0.3,15,2.1,7,1,9,1.3,0,0,1,0.1,1,0.1,0,7,89.3,2017
Hayley Trevean,CARL,6,6,3,3,9,9,3,3,6,6,77.8,1,1,2,2,0,0,0,0,0,0,0,0,1,1,1,1,0,0,1,1,0,0,0,0,0,0,1,1,0,1,53.8,2017
Hayley Wildes,WB,39,5.6,16,2.3,55,7.9,25,3.6,28,4,67.3,10,1.4,6,0.9,1,0.1,0,0,0,0,1,0.1,3,0.4,1,0.1,13,1.9,9,1.3,5,0.7,1,0.1,3,0.4,2,0.3,25,7,72.9,2017
Heather Anderson,ADEL,40,5,13,1.6,53,6.6,20,2.5,30,3.8,54.7,12,1.5,7,0.9,1,0.1,0,0,1,0.1,2,0.3,1,0.1,2,0.3,9,1.1,15,1.9,4,0.5,0,0,0,0,1,0.1,0,8,66.3,2017
Helen Roden,COLL,3,3,1,1,4,4,1,1,2,2,25,0,0,1,1,0,0,0,0,0,0,0,0,0,0,0,0,5,5,0,0,0,0,0,0,0,0,0,0,0,1,42.3,2017
Isabella Ayre,CARL,13,2.2,5,0.8,18,3,8,1.3,10,1.7,72.2,7,1.2,7,1.2,1,0.2,5,0.8,0,0,0,0,0,0,3,0.5,4,0.7,3,0.5,0,0,4,0.7,2,0.3,2,0.3,66.7,6,65.2,2017
Isabella Rudolph,GWS,0,0,1,1,1,1,0,0,1,1,0,1,1,0,0,0,0,0,0,0,0,0,0,0,0,0,0,1,1,0,0,0,0,0,0,0,0,0,0,0,1,27.8,2017
Jacinda Barclay,GWS,27,4.5,9,1.5,36,6,18,3,19,3.2,50,10,1.7,13,2.2,3,0.5,8,1.3,1,0.2,1,0.2,3,0.5,5,0.8,10,1.7,2,0.3,0,0,4,0.7,3,0.5,4,0.7,36.4,6,82.8,2017
Jade Ransfield,BL,0,0,0,0,0,0,0,0,0,0,0,0,0,0,0,0,0,0,0,0,0,0,0,0,0,0,0,0,0,0,0,0,0,0,0,0,0,0,0,0,0,0,2017
Jaimee Lambert,WB,34,5.7,15,2.5,49,8.2,29,4.8,22,3.7,59.2,7,1.2,6,1,1,0.2,4,0.7,0,0,16,2.7,8,1.3,1,0.2,15,2.5,1,0.2,2,0.3,5,0.8,2,0.3,0,0,62.5,6,65.6,2017
Jamie Stanton,BL,60,7.5,14,1.8,74,9.3,28,3.5,45,5.6,56.8,15,1.9,15,1.9,0,0,1,0.1,0,0,6,0.8,4,0.5,5,0.6,23,2.9,6,0.8,0,0,0,0,0,0,0,0,0,8,66.2,2017
Jasmine Anderson,ADEL,0,0,0,0,0,0,0,0,0,0,0,0,0,0,0,0,0,0,0,0,0,0,0,0,0,0,0,0,0,0,0,0,0,0,0,0,0,0,0,0,0,0,2017
Jasmine Garner,COLL,52,7.4,10,1.4,62,8.9,22,3.1,39,5.6,56.5,7,1,23,3.3,4,0.6,7,1,0,0,3,0.4,5,0.7,1,0.1,17,2.4,2,0.3,0,0,5,0.7,3,0.4,4,0.6,50,7,79,2017
Jasmine Grierson,MELB,48,6.9,29,4.1,77,11,29,4.1,49,7,75.3,12,1.7,17,2.4,1,0.1,1,0.1,0,0,4,0.6,5,0.7,4,0.6,13,1.9,7,1,0,0,1,0.1,0,0,0,0,50,7,80.8,2017
Jenna McCormick,ADEL,29,4.1,14,2,43,6.1,23,3.3,16,2.3,60.5,7,1,6,0.9,1,0.1,4,0.6,0,0,1,0.1,3,0.4,5,0.7,13,1.9,2,0.3,0,0,4,0.6,2,0.3,0,0,57.1,7,69.1,2017
Jess Bibby,GWS,20,2.9,16,2.3,36,5.1,14,2,20,2.9,55.6,3,0.4,12,1.7,0,0,0,0,0,0,1,0.1,3,0.4,0,0,16,2.3,2,0.3,0,0,0,0,0,0,0,0,0,7,60.5,2017
Jess Dal Pos,GWS,79,11.3,18,2.6,97,13.9,52,7.4,40,5.7,58.8,8,1.1,14,2,1,0.1,2,0.3,0,0,29,4.1,7,1,3,0.4,49,7,4,0.6,0,0,1,0.1,0,0,1,0.1,100,7,91.4,2017
Jess Gardner,WB,8,1.6,18,3.6,26,5.2,17,3.4,10,2,73.1,8,1.6,1,0.2,0,0,0,0,0,0,4,0.8,4,0.8,6,1.2,13,2.6,2,0.4,0,0,1,0.2,0,0,1,0.2,100,5,54.1,2017
Jess Hosking,CARL,0,0,0,0,0,0,0,0,0,0,0,0,0,0,0,0,0,0,0,0,0,0,0,0,0,0,0,0,0,0,0,0,0,0,0,0,0,0,0,0,0,0,2017
Jessica Anderson,MELB,16,3.2,6,1.2,22,4.4,11,2.2,10,2,59.1,3,0.6,7,1.4,1,0.2,3,0.6,4,0.8,1,0.2,3,0.6,2,0.4,10,2,2,0.4,0,0,1,0.2,3,0.6,0,0,25,5,49.6,2017
Jessica Cameron,COLL,45,6.4,12,1.7,57,8.1,33,4.7,27,3.9,70.2,8,1.1,27,3.9,10,1.4,8,1.1,0,0,3,0.4,3,0.4,2,0.3,17,2.4,11,1.6,2,0.3,6,0.9,3,0.4,3,0.4,66.7,7,80.9,2017
Jessica Kennedy,CARL,18,4.5,12,3,30,7.5,13,3.3,15,3.8,56.7,6,1.5,4,1,0,0,1,0.3,0,0,3,0.8,3,0.8,3,0.8,4,1,0,0,1,0.3,0,0,0,0,0,0,0,4,63.9,2017
Jessica Sedunary,ADEL,41,5.1,17,2.1,58,7.3,32,4,26,3.3,41.4,24,3,10,1.3,2,0.3,5,0.6,0,0,5,0.6,5,0.6,12,1.5,16,2,3,0.4,2,0.3,3,0.4,4,0.5,1,0.1,27.3,8,71.6,2017
Jessica Wuetschner,BL,44,5.5,17,2.1,61,7.6,26,3.3,36,4.5,55.7,11,1.4,16,2,0,0,6,0.8,0,0,4,0.5,5,0.6,3,0.4,23,2.9,5,0.6,1,0.1,5,0.6,3,0.4,3,0.4,62.5,8,81.6,2017
Jordan Ivey,CARL,10,5,3,1.5,13,6.5,8,4,6,3,69.2,1,0.5,4,2,1,0.5,0,0,0,0,5,2.5,2,1,1,0.5,6,3,1,0.5,0,0,1,0.5,0,0,0,0,100,2,66.3,2017
Jordan Membrey,BL,8,1.6,8,1.6,16,3.2,8,1.6,8,1.6,50,5,1,3,0.6,0,0,0,0,0,0,0,0,2,0.4,2,0.4,8,1.6,1,0.2,0,0,1,0.2,0,0,0,0,100,5,40,2017
Justine Mules,ADEL,17,3.4,17,3.4,34,6.8,26,5.2,6,1.2,32.4,5,1,0,0,0,0,0,0,0,0,5,1,2,0.4,3,0.6,26,5.2,4,0.8,0,0,0,0,0,0,0,0,0,5,53.2,2017
Kaitlyn Ashmore,BL,57,7.1,18,2.3,75,9.4,30,3.8,40,5,56,12,1.5,22,2.8,1,0.1,6,0.8,1,0.1,4,0.5,8,1,5,0.6,12,1.5,7,0.9,2,0.3,2,0.3,4,0.5,4,0.5,22.2,8,78.4,2017
Kara Donnellan,FRE,78,13,23,3.8,101,16.8,54,9,45,7.5,62.4,16,2.7,11,1.8,0,0,1,0.2,1,0.2,25,4.2,9,1.5,8,1.3,40,6.7,7,1.2,4,0.7,4,0.7,0,0,3,0.5,100,6,90.5,2017
Karen Paxman,MELB,102,14.6,50,7.1,152,21.7,68,9.7,84,12,58.6,23,3.3,27,3.9,2,0.3,4,0.6,1,0.1,23,3.3,7,1,6,0.9,23,3.3,13,1.9,3,0.4,2,0.3,1,0.1,0,0,50,7,93.1,2017
Kate Darby,CARL,5,2.5,1,0.5,6,3,5,2.5,1,0.5,50,1,0.5,1,0.5,0,0,0,0,0,0,1,0.5,0,0,0,0,1,0.5,1,0.5,0,0,0,0,0,0,0,0,0,2,54.9,2017
Kate Deegan,BL,3,3,1,1,4,4,2,2,1,1,50,1,1,0,0,0,0,0,0,0,0,0,0,0,0,0,0,0,0,0,0,0,0,0,0,0,0,0,0,0,1,64.9,2017
Kate Lutkins,BL,59,7.4,7,0.9,66,8.3,34,4.3,27,3.4,59.1,14,1.8,12,1.5,2,0.3,1,0.1,4,0.5,4,0.5,10,1.3,6,0.8,17,2.1,15,1.9,3,0.4,1,0.1,0,0,1,0.1,50,8,79.2,2017
Kate McCarthy,BL,39,4.9,11,1.4,50,6.3,21,2.6,33,4.1,58,15,1.9,9,1.1,1,0.1,3,0.4,0,0,2,0.3,3,0.4,4,0.5,21,2.6,1,0.1,12,1.5,9,1.1,1,0.1,1,0.1,75,8,70.2,2017
Kate Sheahan,COLL,0,0,0,0,0,0,0,0,1,1,0,1,1,0,0,0,0,0,0,0,0,0,0,0,0,0,0,0,0,0,0,0,0,0,0,0,0,0,0,0,1,13.3,2017
Kate Shierlaw,CARL,19,3.2,10,1.7,29,4.8,10,1.7,17,2.8,58.6,10,1.7,11,1.8,2,0.3,3,0.5,7,1.2,1,0.2,4,0.7,3,0.5,5,0.8,1,0.2,0,0,2,0.3,1,0.2,3,0.5,40,6,58.5,2017
Kate Stanton,GWS,10,2.5,3,0.8,13,3.3,11,2.8,3,0.8,46.2,5,1.3,1,0.3,0,0,1,0.3,0,0,0,0,5,1.3,2,0.5,5,1.3,0,0,0,0,1,0.3,1,0.3,1,0.3,50,4,58.8,2017
Kate Tyndall,WB,7,1,21,3,28,4,19,2.7,10,1.4,57.1,12,1.7,4,0.6,0,0,1,0.1,0,0,5,0.7,1,0.1,9,1.3,16,2.3,4,0.6,0,0,0,0,1,0.1,2,0.3,0,7,63.2,2017
Katherine Gillespie-Jones,CARL,18,2.6,32,4.6,50,7.1,27,3.9,24,3.4,76,9,1.3,7,1,3,0.4,1,0.1,11,1.6,2,0.3,2,0.3,6,0.9,16,2.3,19,2.7,0,0,0,0,1,0.1,1,0.1,0,7,81.7,2017
Katherine Smith,MELB,24,3.4,22,3.1,46,6.6,25,3.6,19,2.7,63,10,1.4,3,0.4,0,0,0,0,0,0,0,0,5,0.7,4,0.6,16,2.3,12,1.7,0,0,0,0,0,0,0,0,0,7,85,2017
Katie Brennan,WB,19,9.5,7,3.5,26,13,11,5.5,15,7.5,61.5,5,2.5,7,3.5,2,1,3,1.5,2,1,3,1.5,3,1.5,3,1.5,8,4,1,0.5,0,0,3,1.5,1,0.5,2,1,50,2,95.7,2017
Katie Loynes,CARL,40,5.7,23,3.3,63,9,41,5.9,20,2.9,65.1,9,1.3,8,1.1,3,0.4,1,0.1,0,0,18,2.6,10,1.4,4,0.6,27,3.9,8,1.1,0,0,1,0.1,0,0,3,0.4,100,7,73.9,2017
Kellie Gibson,ADEL,38,4.8,16,2,54,6.8,23,2.9,30,3.8,53.7,22,2.8,9,1.1,1,0.1,4,0.5,0,0,0,0,8,1,10,1.3,11,1.4,1,0.1,0,0,4,0.5,2,0.3,0,0,36.4,8,71.2,2017
Kelly Clinch,FRE,14,2.3,20,3.3,34,5.7,26,4.3,12,2,47.1,13,2.2,2,0.3,0,0,0,0,37,6.2,3,0.5,2,0.3,4,0.7,15,2.5,4,0.7,0,0,0,0,0,0,0,0,0,6,72.8,2017
Kendra Heil,COLL,0,0,0,0,0,0,0,0,0,0,0,0,0,0,0,0,0,0,0,0,0,0,0,0,0,0,0,0,0,0,0,0,0,0,0,0,0,0,0,0,0,0,2017
Kiara Bowers,FRE,0,0,0,0,0,0,0,0,0,0,0,0,0,0,0,0,0,0,0,0,0,0,0,0,0,0,0,0,0,0,0,0,0,0,0,0,0,0,0,0,0,0,2017
Kim Mickle,FRE,2,2,0,0,2,2,3,3,0,0,100,1,1,0,0,0,0,0,0,0,0,0,0,2,2,1,1,2,2,0,0,0,0,0,0,0,0,0,0,0,1,34.8,2017
Kimberley Ebb,WB,3,0.8,4,1,7,1.8,5,1.3,3,0.8,42.9,3,0.8,0,0,0,0,0,0,0,0,0,0,1,0.3,2,0.5,5,1.3,2,0.5,0,0,0,0,0,0,0,0,0,4,58.6,2017
Kira Phillips,FRE,19,3.8,4,0.8,23,4.6,9,1.8,12,2.4,43.5,10,2,8,1.6,2,0.4,3,0.6,0,0,1,0.2,1,0.2,6,1.2,3,0.6,2,0.4,0,0,2,0.4,3,0.6,1,0.2,28.6,5,56.8,2017
Kirby Bentley,FRE,48,6.9,24,3.4,72,10.3,31,4.4,38,5.4,65.3,15,2.1,19,2.7,2,0.3,2,0.3,0,0,4,0.6,6,0.9,6,0.9,4,0.6,7,1,4,0.6,1,0.1,1,0.1,0,0,50,7,89.3,2017
Kirsten McLeod,WB,26,4.3,16,2.7,42,7,24,4,19,3.2,54.8,7,1.2,3,0.5,0,0,2,0.3,0,0,1,0.2,5,0.8,2,0.3,14,2.3,6,1,3,0.5,4,0.7,8,1.3,0,0,33.3,6,77.5,2017
Kirsty Lamb,WB,47,7.8,15,2.5,62,10.3,38,6.3,25,4.2,46.8,18,3,6,1,0,0,0,0,0,0,16,2.7,10,1.7,7,1.2,20,3.3,2,0.3,1,0.2,4,0.7,0,0,0,0,80,6,59.9,2017
Kristy De Pellegrini,GWS,8,1.3,10,1.7,18,3,15,2.5,2,0.3,55.6,5,0.8,1,0.2,0,0,0,0,1,0.2,2,0.3,3,0.5,3,0.5,8,1.3,10,1.7,0,0,0,0,0,0,0,0,0,6,75.4,2017
Lara Filocamo,FRE,67,9.6,40,5.7,107,15.3,59,8.4,46,6.6,53.3,16,2.3,12,1.7,0,0,2,0.3,0,0,21,3,9,1.3,5,0.7,31,4.4,3,0.4,1,0.1,1,0.1,2,0.3,0,0,33.3,7,82.2,2017
Laura Attard,CARL,25,3.6,10,1.4,35,5,16,2.3,17,2.4,62.9,10,1.4,7,1,1,0.1,0,0,0,0,1,0.1,1,0.1,5,0.7,8,1.1,8,1.1,0,0,0,0,0,0,0,0,0,7,88.6,2017
Laura Bailey,WB,14,2.3,29,4.8,43,7.2,22,3.7,20,3.3,67.4,12,2,6,1,0,0,2,0.3,0,0,3,0.5,5,0.8,8,1.3,10,1.7,6,1,0,0,1,0.2,0,0,0,0,100,6,68.7,2017
Laura Duryea,MELB,54,7.7,10,1.4,64,9.1,23,3.3,31,4.4,57.8,17,2.4,7,1,0,0,0,0,0,0,2,0.3,2,0.3,7,1,11,1.6,19,2.7,0,0,0,0,0,0,0,0,0,7,94.6,2017
Lauren Arnell,CARL,60,8.6,24,3.4,84,12,52,7.4,35,5,52.4,11,1.6,11,1.6,0,0,3,0.4,0,0,16,2.3,6,0.9,3,0.4,26,3.7,5,0.7,0,0,2,0.3,2,0.3,1,0.1,33.3,7,73.1,2017
Lauren Brazzale,CARL,39,5.6,7,1,46,6.6,26,3.7,18,2.6,60.9,14,2,8,1.1,2,0.3,1,0.1,0,0,5,0.7,2,0.3,4,0.6,15,2.1,3,0.4,0,0,1,0.1,0,0,1,0.1,100,7,67.5,2017
Lauren Morecroft,WB,4,2,3,1.5,7,3.5,4,2,3,1.5,57.1,0,0,1,0.5,0,0,0,0,0,0,0,0,1,0.5,0,0,2,1,4,2,0,0,0,0,0,0,0,0,0,2,62.6,2017
Lauren O'Shea,ADEL,0,0,0,0,0,0,0,0,0,0,0,0,0,0,0,0,0,0,0,0,0,0,0,0,0,0,0,0,0,0,0,0,0,0,0,0,0,0,0,0,0,0,2017
Lauren Pearce,MELB,30,4.3,26,3.7,56,8,36,5.1,21,3,50,8,1.1,13,1.9,5,0.7,1,0.1,99,14.1,11,1.6,6,0.9,4,0.6,18,2.6,16,2.3,0,0,0,0,2,0.3,0,0,0,7,65.1,2017
Lauren Spark,WB,36,5.1,20,2.9,56,8,32,4.6,26,3.7,51.8,12,1.7,21,3,8,1.1,1,0.1,7,1,3,0.4,3,0.4,4,0.6,5,0.7,14,2,0,0,0,0,2,0.3,1,0.1,0,7,92.1,2017
Lauren Tesoriero,COLL,24,4.8,22,4.4,46,9.2,39,7.8,10,2,58.7,8,1.6,7,1.4,2,0.4,1,0.2,1,0.2,18,3.6,2,0.4,5,1,18,3.6,3,0.6,0,0,0,0,1,0.2,0,0,0,5,53.9,2017
Leah Kaslar,BL,28,3.5,29,3.6,57,7.1,43,5.4,13,1.6,56.1,13,1.6,7,0.9,1,0.1,0,0,0,0,2,0.3,4,0.5,4,0.5,18,2.3,24,3,0,0,0,0,0,0,0,0,0,8,97.2,2017
Libby Birch,WB,24,3.4,28,4,52,7.4,27,3.9,26,3.7,63.5,14,2,3,0.4,1,0.1,0,0,1,0.1,1,0.1,2,0.3,5,0.7,13,1.9,15,2.1,1,0.1,0,0,0,0,0,0,0,7,76.4,2017
Lily Mithen,MELB,67,9.6,46,6.6,113,16.1,47,6.7,67,9.6,52.2,17,2.4,14,2,0,0,2,0.3,0,0,17,2.4,16,2.3,5,0.7,19,2.7,5,0.7,2,0.3,0,0,2,0.3,1,0.1,0,7,79.7,2017
Lisa Steane,GWS,0,0,0,0,0,0,0,0,0,0,0,0,0,0,0,0,0,0,0,0,0,0,0,0,0,0,0,0,0,0,0,0,0,0,0,0,0,0,0,0,0,0,2017
Lisa Williams,WB,10,1.7,14,2.3,24,4,11,1.8,14,2.3,41.7,7,1.2,0,0,0,0,0,0,1,0.2,1,0.2,1,0.2,3,0.5,13,2.2,6,1,0,0,0,0,0,0,0,0,0,6,59,2017
Lou Wotton,COLL,2,0.7,2,0.7,4,1.3,3,1,2,0.7,0,2,0.7,1,0.3,0,0,0,0,33,11,2,0.7,0,0,1,0.3,5,1.7,3,1,0,0,0,0,0,0,0,0,0,3,37.4,2017
Louise Stephenson,GWS,10,3.3,6,2,16,5.3,11,3.7,6,2,43.8,4,1.3,4,1.3,3,1,0,0,6,2,2,0.7,1,0.3,2,0.7,1,0.3,2,0.7,1,0.3,0,0,0,0,0,0,0,3,63,2017
Maddy Collier,GWS,47,6.7,15,2.1,62,8.9,32,4.6,33,4.7,46.8,23,3.3,15,2.1,1,0.1,1,0.1,0,0,8,1.1,8,1.1,9,1.3,27,3.9,3,0.4,6,0.9,0,0,2,0.3,0,0,0,7,71.5,2017
Madeleine Boyd,MELB,22,3.1,14,2,36,5.1,14,2,22,3.1,50,12,1.7,8,1.1,1,0.1,1,0.1,39,5.6,4,0.6,2,0.3,5,0.7,16,2.3,5,0.7,0,0,0,0,0,0,0,0,0,7,51.8,2017
Madeline Keryk,CARL,43,7.2,15,2.5,58,9.7,32,5.3,28,4.7,50,25,4.2,5,0.8,0,0,1,0.2,0,0,16,2.7,2,0.3,13,2.2,19,3.2,2,0.3,0,0,0,0,0,0,2,0.3,0,6,64,2017
Mai Nguyen,GWS,17,5.7,1,0.3,18,6,5,1.7,10,3.3,61.1,2,0.7,5,1.7,0,0,0,0,0,0,1,0.3,3,1,1,0.3,1,0.3,1,0.3,0,0,1,0.3,0,0,0,0,100,3,40.2,2017
Meg Downie,MELB,11,5.5,8,4,19,9.5,13,6.5,9,4.5,57.9,3,1.5,5,2.5,1,0.5,0,0,0,0,3,1.5,4,2,2,1,3,1.5,2,1,0,0,0,0,0,0,0,0,0,2,91.1,2017
Meg Hutchins,COLL,57,8.1,13,1.9,70,10,25,3.6,38,5.4,72.9,12,1.7,16,2.3,0,0,0,0,1,0.1,1,0.1,5,0.7,1,0.1,8,1.1,12,1.7,2,0.3,0,0,0,0,0,0,0,7,88.5,2017
Meg McDonald,WB,9,2.3,7,1.8,16,4,8,2,9,2.3,43.8,2,0.5,9,2.3,2,0.5,6,1.5,7,1.8,1,0.3,1,0.3,0,0,3,0.8,2,0.5,0,0,1,0.3,2,0.5,0,0,20,4,86.4,2017
Megan Hunt,BL,61,7.6,28,3.5,89,11.1,41,5.1,50,6.3,58.4,21,2.6,23,2.9,2,0.3,0,0,0,0,13,1.6,8,1,13,1.6,32,4,5,0.6,3,0.4,0,0,0,0,1,0.1,0,8,73.7,2017
Mel Hickey,MELB,36,5.1,45,6.4,81,11.6,37,5.3,49,7,75.3,14,2,19,2.7,2,0.3,1,0.1,0,0,7,1,4,0.6,6,0.9,26,3.7,18,2.6,0,0,1,0.1,0,0,1,0.1,50,7,90.4,2017
Melissa Caulfield,FRE,18,3.6,15,3,33,6.6,19,3.8,15,3,51.5,4,0.8,4,0.8,0,0,0,0,0,0,9,1.8,3,0.6,2,0.4,20,4,3,0.6,0,0,1,0.2,0,0,0,0,50,5,68.4,2017
Melissa Kuys,COLL,47,7.8,9,1.5,56,9.3,34,5.7,26,4.3,50,18,3,13,2.2,0,0,1,0.2,0,0,12,2,5,0.8,7,1.2,12,2,3,0.5,0,0,0,0,0,0,2,0.3,0,6,57.5,2017
Mia-Rae Clifford,MELB,15,2.1,6,0.9,21,3,15,2.1,7,1,57.1,7,1,1,0.1,0,0,0,0,0,0,2,0.3,4,0.6,3,0.4,12,1.7,13,1.9,0,0,0,0,0,0,0,0,0,7,82.5,2017
Moana Hope,COLL,29,4.1,7,1,36,5.1,23,3.3,13,1.9,47.2,11,1.6,14,2,5,0.7,10,1.4,0,0,1,0.1,4,0.6,4,0.6,6,0.9,2,0.3,2,0.3,7,1,8,1.1,3,0.4,46.7,7,89.7,2017
Monique Hollick,ADEL,12,4,9,3,21,7,12,4,9,3,47.6,2,0.7,3,1,0,0,0,0,0,0,1,0.3,1,0.3,0,0,8,2.7,2,0.7,0,0,0,0,0,0,1,0.3,0,3,71.6,2017
Nat Exon,CARL,24,4.8,20,4,44,8.8,22,4.4,26,5.2,52.3,7,1.4,9,1.8,2,0.4,2,0.4,2,0.4,4,0.8,2,0.4,4,0.8,18,3.6,3,0.6,0,0,0,0,3,0.6,1,0.2,0,5,66.2,2017
Natalie Plane,CARL,1,1,0,0,1,1,0,0,1,1,100,0,0,0,0,0,0,0,0,0,0,0,0,0,0,0,0,0,0,0,0,0,0,0,0,0,0,0,0,0,1,33.5,2017
Nicola Barr,GWS,55,7.9,23,3.3,78,11.1,30,4.3,45,6.4,53.8,19,2.7,10,1.4,0,0,1,0.1,0,0,9,1.3,9,1.3,3,0.4,22,3.1,5,0.7,2,0.3,0,0,0,0,2,0.3,0,7,84.5,2017
Nicola Stevens,COLL,50,7.1,17,2.4,67,9.6,39,5.6,28,4,62.7,14,2,23,3.3,7,1,0,0,0,0,2,0.3,7,1,6,0.9,22,3.1,17,2.4,0,0,0,0,0,0,0,0,0,7,94.6,2017
Nicole Callinan,WB,33,4.7,35,5,68,9.7,36,5.1,39,5.6,64.7,10,1.4,12,1.7,2,0.3,0,0,0,0,6,0.9,3,0.4,4,0.6,14,2,13,1.9,2,0.3,0,0,0,0,1,0.1,0,7,73.5,2017
Nicole Hildebrand,BL,47,5.9,7,0.9,54,6.8,29,3.6,26,3.3,63,15,1.9,18,2.3,6,0.8,0,0,0,0,4,0.5,3,0.4,6,0.8,10,1.3,10,1.3,1,0.1,0,0,0,0,1,0.1,0,8,67.9,2017
Nikki Wallace,BL,18,2.3,21,2.6,39,4.9,23,2.9,16,2,53.8,13,1.6,5,0.6,1,0.1,1,0.1,0,0,6,0.8,2,0.3,6,0.8,16,2,1,0.1,0,0,0,0,0,0,0,0,0,8,43.2,2017
Penny Cula-Reid,COLL,5,2.5,0,0,5,2.5,4,2,1,0.5,80,3,1.5,1,0.5,0,0,0,0,0,0,0,0,0,0,1,0.5,1,0.5,5,2.5,0,0,0,0,0,0,0,0,0,2,51.7,2017
Pepa Randall,MELB,0,0,0,0,0,0,0,0,0,0,0,0,0,0,0,0,0,0,0,0,0,0,0,0,0,0,0,0,0,0,0,0,0,0,0,0,0,0,0,0,0,0,2017
Phoebe McWilliams,GWS,25,3.6,17,2.4,42,6,24,3.4,18,2.6,76.2,8,1.1,13,1.9,3,0.4,7,1,8,1.1,4,0.6,6,0.9,3,0.4,9,1.3,5,0.7,0,0,7,1,1,0.1,0,0,77.8,7,82.3,2017
Rachael Killian,ADEL,28,4.7,9,1.5,37,6.2,21,3.5,17,2.8,48.6,9,1.5,8,1.3,1,0.2,2,0.3,1,0.2,0,0,4,0.7,1,0.2,9,1.5,5,0.8,0,0,2,0.3,3,0.5,2,0.3,22.2,6,74.3,2017
Rebecca Beeson,GWS,38,5.4,35,5,73,10.4,39,5.6,33,4.7,53.4,13,1.9,10,1.4,0,0,5,0.7,0,0,2,0.3,6,0.9,8,1.1,15,2.1,5,0.7,0,0,3,0.4,2,0.3,0,0,37.5,7,86.9,2017
Rebecca Neaves,WB,11,2.2,8,1.6,19,3.8,5,1,14,2.8,47.4,3,0.6,6,1.2,0,0,1,0.2,0,0,2,0.4,1,0.2,1,0.2,6,1.2,1,0.2,0,0,0,0,2,0.4,1,0.2,0,5,40.7,2017
Rebecca Privitelli,CARL,29,5.8,9,1.8,38,7.6,17,3.4,21,4.2,55.3,6,1.2,11,2.2,4,0.8,1,0.2,0,0,2,0.4,1,0.2,0,0,3,0.6,3,0.6,0,0,1,0.2,0,0,0,0,100,5,55.3,2017
Renee Forth,GWS,0,0,0,0,0,0,0,0,0,0,0,0,0,0,0,0,0,0,0,0,0,0,0,0,0,0,0,0,0,0,0,0,0,0,0,0,0,0,0,0,0,0,2017
Renee Tomkins,GWS,46,6.6,9,1.3,55,7.9,27,3.9,20,2.9,52.7,19,2.7,14,2,2,0.3,0,0,0,0,3,0.4,1,0.1,6,0.9,13,1.9,33,4.7,0,0,0,0,0,0,0,0,0,7,98.9,2017
Rhiannon Metcalfe,ADEL,35,4.4,16,2,51,6.4,22,2.8,21,2.6,56.9,12,1.5,9,1.1,3,0.4,2,0.3,136,17,6,0.8,1,0.1,3,0.4,4,0.5,5,0.6,0,0,0,0,1,0.1,0,0,0,8,66.3,2017
Richelle Cranston,MELB,25,4.2,19,3.2,44,7.3,25,4.2,22,3.7,70.5,9,1.5,9,1.5,0,0,1,0.2,2,0.3,4,0.7,2,0.3,6,1,18,3,8,1.3,0,0,1,0.2,3,0.5,0,0,20,6,60.6,2017
Romy Timmins,WB,1,0.5,0,0,1,0.5,1,0.5,0,0,0,0,0,0,0,0,0,0,0,0,0,1,0.5,0,0,0,0,2,1,0,0,0,0,0,0,0,0,0,0,0,2,35.5,2017
Ruby Schleicher,COLL,9,1.8,6,1.2,15,3,8,1.6,6,1.2,40,8,1.6,0,0,0,0,0,0,21,4.2,4,0.8,2,0.4,3,0.6,14,2.8,3,0.6,0,0,0,0,0,0,0,0,0,5,36.8,2017
Sabrina Frederick-Traub,BL,72,9,22,2.8,94,11.8,55,6.9,40,5,50,14,1.8,20,2.5,11,1.4,8,1,58,7.3,6,0.8,12,1.5,5,0.6,15,1.9,6,0.8,3,0.4,6,0.8,4,0.5,4,0.5,35.3,8,98.7,2017
Sally Riley,ADEL,30,3.8,20,2.5,50,6.3,26,3.3,24,3,58,9,1.1,7,0.9,0,0,1,0.1,0,0,6,0.8,5,0.6,3,0.4,18,2.3,4,0.5,0,0,3,0.4,0,0,1,0.1,75,8,66.4,2017
Samantha Virgo,BL,52,6.5,26,3.3,78,9.8,42,5.3,36,4.5,60.3,13,1.6,14,1.8,1,0.1,1,0.1,0,0,1,0.1,8,1,6,0.8,24,3,10,1.3,0,0,0,0,0,0,0,0,0,8,96.5,2017
Sarah Allan,ADEL,19,3.2,20,3.3,39,6.5,28,4.7,12,2,56.4,6,1,9,1.5,3,0.5,0,0,18,3,9,1.5,3,0.5,3,0.5,9,1.5,7,1.2,1,0.2,0,0,1,0.2,0,0,0,6,54.4,2017
Sarah D'Arcy,COLL,48,6.9,28,4,76,10.9,49,7,26,3.7,60.5,14,2,18,2.6,4,0.6,5,0.7,0,0,7,1,11,1.6,2,0.3,12,1.7,5,0.7,1,0.1,2,0.3,4,0.6,1,0.1,28.6,7,85.2,2017
Sarah Hosking,CARL,35,5,28,4,63,9,34,4.9,33,4.7,58.7,17,2.4,11,1.6,1,0.1,2,0.3,0,0,8,1.1,8,1.1,7,1,17,2.4,12,1.7,3,0.4,2,0.3,0,0,0,0,66.7,7,83.3,2017
Sarah Jolly,MELB,6,2,6,2,12,4,6,2,7,2.3,83.3,2,0.7,1,0.3,0,0,1,0.3,0,0,4,1.3,1,0.3,1,0.3,9,3,0,0,0,0,1,0.3,0,0,0,0,100,3,32.3,2017
Sarah Lampard,MELB,30,4.3,33,4.7,63,9,34,4.9,28,4,58.7,12,1.7,12,1.7,2,0.3,0,0,0,0,3,0.4,4,0.6,3,0.4,17,2.4,2,0.3,0,0,0,0,1,0.1,1,0.1,0,7,75.1,2017
Sarah Last,CARL,10,3.3,4,1.3,14,4.7,9,3,6,2,78.6,4,1.3,1,0.3,0,0,0,0,0,0,0,0,0,0,1,0.3,3,1,5,1.7,0,0,0,0,0,0,0,0,0,3,79.4,2017
Sarah Perkins,ADEL,43,5.4,24,3,67,8.4,43,5.4,24,3,52.2,13,1.6,18,2.3,8,1,16,2,21,2.6,2,0.3,7,0.9,5,0.6,24,3,7,0.9,0,0,11,1.4,8,1,2,0.3,44,8,92.7,2017
Selina Goodman,BL,6,0.8,10,1.3,16,2,14,1.8,6,0.8,50,7,0.9,2,0.3,0,0,0,0,39,4.9,1,0.1,2,0.3,2,0.3,10,1.3,3,0.4,0,0,0,0,0,0,0,0,0,8,38.8,2017
Shae Audley,CARL,35,5,28,4,63,9,51,7.3,14,2,52.4,9,1.3,4,0.6,1,0.1,0,0,0,0,19,2.7,8,1.1,4,0.6,39,5.6,7,1,0,0,2,0.3,1,0.1,1,0.1,66.7,7,66.1,2017
Shaleise Law,BL,5,1.7,0,0,5,1.7,0,0,4,1.3,40,1,0.3,1,0.3,0,0,0,0,0,0,0,0,0,0,0,0,0,0,0,0,0,0,0,0,0,0,0,0,0,3,34.4,2017
Shannon Campbell,BL,45,6.4,8,1.1,53,7.6,29,4.1,17,2.4,50.9,11,1.6,14,2,5,0.7,0,0,0,0,1,0.1,4,0.6,4,0.6,6,0.9,13,1.9,2,0.3,1,0.1,0,0,0,0,100,7,83.4,2017
Sharni Webb,BL,31,3.9,26,3.3,57,7.1,43,5.4,16,2,52.6,17,2.1,8,1,1,0.1,1,0.1,61,7.6,10,1.3,8,1,8,1,27,3.4,7,0.9,0,0,0,0,0,0,0,0,0,8,57.2,2017
Shelley Scott,MELB,41,6.8,24,4,65,10.8,34,5.7,31,5.2,63.1,14,2.3,16,2.7,4,0.7,6,1,0,0,7,1.2,4,0.7,4,0.7,13,2.2,6,1,2,0.3,5,0.8,2,0.3,2,0.3,62.5,6,88.3,2017
Sophie Armitstead,ADEL,3,3,2,2,5,5,3,3,2,2,80,0,0,1,1,0,0,1,1,0,0,1,1,1,1,0,0,0,0,2,2,0,0,0,0,0,0,0,0,0,1,42.3,2017
Sophie Casey,COLL,7,1.4,13,2.6,20,4,14,2.8,8,1.6,60,12,2.4,7,1.4,1,0.2,1,0.2,0,0,3,0.6,2,0.4,9,1.8,13,2.6,1,0.2,0,0,1,0.2,0,0,0,0,100,5,66.3,2017
Stacey Barr,FRE,34,4.9,13,1.9,47,6.7,23,3.3,26,3.7,40.4,14,2,21,3,5,0.7,11,1.6,6,0.9,0,0,4,0.6,7,1,6,0.9,4,0.6,0,0,3,0.4,7,1,0,0,23.1,7,67.6,2017
Stacey Livingstone,COLL,43,6.1,8,1.1,51,7.3,21,3,28,4,58.8,15,2.1,16,2.3,0,0,0,0,0,0,2,0.3,1,0.1,3,0.4,8,1.1,10,1.4,0,0,0,0,0,0,1,0.1,0,7,84.8,2017
Stephanie Cain,FRE,23,3.8,19,3.2,42,7,24,4,19,3.2,47.6,16,2.7,9,1.5,1,0.2,0,0,0,0,7,1.2,4,0.7,8,1.3,22,3.7,0,0,0,0,0,0,1,0.2,0,0,0,6,62.8,2017
Stephanie Chiocci,COLL,50,7.1,18,2.6,68,9.7,29,4.1,41,5.9,66.2,18,2.6,9,1.3,0,0,0,0,0,0,11,1.6,8,1.1,11,1.6,21,3,3,0.4,0,0,1,0.1,2,0.3,2,0.3,33.3,7,82.5,2017
Stephanie De Bortoli,MELB,0,0,0,0,0,0,0,0,0,0,0,0,0,0,0,0,0,0,0,0,0,0,0,0,0,0,0,0,0,0,0,0,0,0,0,0,0,0,0,0,0,0,2017
Stephanie Walker,GWS,11,3.7,3,1,14,4.7,7,2.3,7,2.3,35.7,7,2.3,2,0.7,0,0,0,0,0,0,0,0,3,1,3,1,4,1.3,1,0.3,1,0.3,1,0.3,0,0,1,0.3,33.3,3,51,2017
Stevie-Lee Thompson,ADEL,41,5.1,17,2.1,58,7.3,36,4.5,20,2.5,63.8,12,1.5,2,0.3,0,0,0,0,1,0.1,5,0.6,3,0.4,5,0.6,11,1.4,8,1,1,0.1,0,0,0,0,1,0.1,0,8,76.2,2017
Tahlia Randall,BL,32,4.6,11,1.6,43,6.1,21,3,20,2.9,55.8,12,1.7,14,2,2,0.3,0,0,3,0.4,1,0.1,3,0.4,4,0.6,12,1.7,16,2.3,1,0.1,0,0,0,0,0,0,0,7,81.1,2017
Tahni Nestor,CARL,8,2.7,10,3.3,18,6,15,5,5,1.7,77.8,6,2,3,1,0,0,0,0,0,0,0,0,0,0,1,0.3,8,2.7,3,1,0,0,0,0,0,0,0,0,0,3,91.1,2017
Talia Radan,ADEL,28,3.5,18,2.3,46,5.8,28,3.5,17,2.1,58.7,17,2.1,7,0.9,1,0.1,0,0,0,0,3,0.4,5,0.6,6,0.8,7,0.9,14,1.8,0,0,0,0,0,0,0,0,0,8,74.5,2017
Tara Morgan,COLL,29,4.1,8,1.1,37,5.3,19,2.7,19,2.7,43.2,11,1.6,11,1.6,3,0.4,0,0,0,0,3,0.4,6,0.9,3,0.4,20,2.9,7,1,3,0.4,0,0,0,0,0,0,0,7,86.3,2017
Tarnica Golisano,FRE,7,1.8,6,1.5,13,3.3,6,1.5,7,1.8,53.8,6,1.5,4,1,0,0,0,0,0,0,1,0.3,1,0.3,4,1,8,2,4,1,0,0,0,0,0,0,0,0,0,4,41.7,2017
Taryn Priestly,FRE,0,0,0,0,0,0,0,0,0,0,0,0,0,0,0,0,0,0,0,0,0,0,0,0,0,0,0,0,0,0,0,0,0,0,0,0,0,0,0,0,0,0,2017
Tayla Bresland,FRE,21,3,7,1,28,4,15,2.1,16,2.3,50,13,1.9,8,1.1,1,0.1,0,0,0,0,0,0,1,0.1,7,1,13,1.9,15,2.1,0,0,1,0.1,0,0,0,0,100,7,77.6,2017
Tayla Harris,BL,45,5.6,11,1.4,56,7,42,5.3,14,1.8,42.9,36,4.5,23,2.9,17,2.1,10,1.3,5,0.6,4,0.5,8,1,19,2.4,16,2,6,0.8,0,0,4,0.5,9,1.1,0,0,23.5,8,98.3,2017
Tayla Thorn,ADEL,17,3.4,8,1.6,25,5,12,2.4,10,2,36,15,3,2,0.4,0,0,0,0,3,0.6,2,0.4,2,0.4,6,1.2,21,4.2,2,0.4,0,0,0,0,0,0,1,0.2,0,5,55.1,2017
Taylah Angel,FRE,14,3.5,4,1,18,4.5,15,3.8,3,0.8,44.4,3,0.8,0,0,0,0,0,0,0,0,7,1.8,5,1.3,2,0.5,14,3.5,0,0,0,0,0,0,0,0,0,0,0,4,48.9,2017
Tiah Haynes,FRE,13,4.3,6,2,19,6.3,7,2.3,12,4,52.6,7,2.3,2,0.7,0,0,0,0,0,0,1,0.3,0,0,2,0.7,5,1.7,1,0.3,2,0.7,0,0,0,0,0,0,0,3,69.8,2017
Tiarna Ernst,WB,11,1.6,30,4.3,41,5.9,31,4.4,12,1.7,80.5,12,1.7,2,0.3,0,0,0,0,90,12.9,8,1.1,10,1.4,8,1.1,29,4.1,11,1.6,0,0,0,0,0,0,1,0.1,0,7,69.2,2017
Tilly Lucas-Rodd,CARL,49,7,24,3.4,73,10.4,28,4,47,6.7,54.8,13,1.9,10,1.4,0,0,1,0.1,1,0.1,5,0.7,1,0.1,3,0.4,18,2.6,5,0.7,0,0,0,0,1,0.1,1,0.1,0,7,61.9,2017
Emma Kearney,WB,123,15.4,29,3.6,152,19,76,9.5,72,9,60.5,16,2,27,3.4,0,0,3,0.4,0,0,40,5,20,2.5,4,0.5,40,5,5,0.6,11,1.4,3,0.4,5,0.6,4,0.5,30,8,83.1,2018
Alexandra Anderson,BL,91,11.4,53,6.6,144,18,65,8.1,74,9.3,52.8,21,2.6,22,2.8,0,0,3,0.4,0,0,19,2.4,10,1.3,4,0.5,40,5,10,1.3,0,0,1,0.1,0,0,1,0.1,100,8,77.5,2018
Kate Lutkins,BL,105,13.1,37,4.6,142,17.8,60,7.5,62,7.8,66.2,19,2.4,31,3.9,7,0.9,0,0,0,0,6,0.8,8,1,1,0.1,26,3.3,20,2.5,4,0.5,1,0.1,0,0,0,0,100,8,99.8,2018
Emily Bates,BL,73,9.1,66,8.3,139,17.4,73,9.1,66,8.3,62.6,29,3.6,18,2.3,1,0.1,2,0.3,0,0,22,2.8,7,0.9,8,1,37,4.6,6,0.8,3,0.4,0,0,0,0,0,0,0,8,85.6,2018
Ellie Blackburn,WB,102,12.8,33,4.1,135,16.9,60,7.5,66,8.3,57.8,18,2.3,23,2.9,2,0.3,4,0.5,0,0,26,3.3,10,1.3,3,0.4,26,3.3,10,1.3,1,0.1,3,0.4,6,0.8,2,0.3,21.4,8,91.9,2018
Jamie Stanton,BL,96,12,37,4.6,133,16.6,57,7.1,70,8.8,56.4,21,2.6,21,2.6,0,0,4,0.5,0,0,11,1.4,6,0.8,5,0.6,25,3.1,8,1,0,0,0,0,1,0.1,2,0.3,0,8,92.6,2018
Daisy Pearce,MELB,89,12.7,38,5.4,127,18.1,73,10.4,59,8.4,58.3,22,3.1,11,1.6,4,0.6,2,0.3,0,0,31,4.4,13,1.9,8,1.1,37,5.3,13,1.9,0,0,2,0.3,1,0.1,0,0,33.3,7,84.7,2018
Alicia Eva,GWS,96,13.7,29,4.1,125,17.9,50,7.1,62,8.9,56,17,2.4,10,1.4,0,0,1,0.1,0,0,21,3,7,1,5,0.7,52,7.4,1,0.1,0,0,1,0.1,1,0.1,0,0,33.3,7,91.1,2018
Karen Paxman,MELB,87,12.4,37,5.3,124,17.7,56,8,58,8.3,57.3,12,1.7,16,2.3,4,0.6,3,0.4,0,0,20,2.9,5,0.7,4,0.6,21,3,11,1.6,0,0,2,0.3,3,0.4,1,0.1,33.3,7,75.1,2018
Dana Hooker,FRE,86,12.3,37,5.3,123,17.6,80,11.4,41,5.9,51.2,20,2.9,11,1.6,0,0,1,0.1,0,0,39,5.6,12,1.7,6,0.9,33,4.7,6,0.9,0,0,5,0.7,1,0.1,1,0.1,71.4,7,96.8,2018
Elise O'Dea,MELB,89,12.7,34,4.9,123,17.6,47,6.7,78,11.1,53.7,26,3.7,26,3.7,1,0.1,4,0.6,0,0,14,2,3,0.4,7,1,39,5.6,7,1,1,0.1,4,0.6,2,0.3,1,0.1,57.1,7,77.8,2018
Chelsea Randall,ADEL,85,12.1,29,4.1,114,16.3,72,10.3,38,5.4,62.3,13,1.9,22,3.1,7,1,0,0,0,0,15,2.1,18,2.6,2,0.3,33,4.7,28,4,2,0.3,1,0.1,0,0,0,0,100,7,89.6,2018
Monique Conti,WB,71,8.9,39,4.9,110,13.8,66,8.3,45,5.6,57.3,23,2.9,23,2.9,7,0.9,7,0.9,0,0,11,1.4,5,0.6,5,0.6,14,1.8,4,0.5,5,0.6,3,0.4,3,0.4,3,0.4,30,8,87.9,2018
Ebony Marinoff,ADEL,81,11.6,28,4,109,15.6,64,9.1,48,6.9,43.1,27,3.9,14,2,0,0,0,0,1,0.1,22,3.1,5,0.7,7,1,82,11.7,5,0.7,0,0,0,0,2,0.3,1,0.1,0,7,86.5,2018
Kara Donnellan,FRE,76,10.9,29,4.1,105,15,55,7.9,49,7,55.2,26,3.7,14,2,0,0,3,0.4,0,0,23,3.3,8,1.1,12,1.7,54,7.7,10,1.4,2,0.3,1,0.1,0,0,2,0.3,100,7,87.5,2018
Jaimee Lambert,COLL,75,10.7,29,4.1,104,14.9,45,6.4,60,8.6,61.5,21,3,19,2.7,3,0.4,1,0.1,0,0,12,1.7,10,1.4,11,1.6,30,4.3,5,0.7,0,0,1,0.1,1,0.1,0,0,50,7,77.4,2018
Courtney Gum,GWS,64,9.1,39,5.6,103,14.7,79,11.3,28,4,58.3,21,3,13,1.9,6,0.9,0,0,0,0,24,3.4,6,0.9,8,1.1,34,4.9,9,1.3,1,0.1,5,0.7,1,0.1,0,0,71.4,7,81.2,2018
Kirsty Lamb,WB,75,9.4,27,3.4,102,12.8,55,6.9,46,5.8,56.9,16,2,16,2,2,0.3,2,0.3,0,0,22,2.8,7,0.9,5,0.6,43,5.4,5,0.6,1,0.1,0,0,2,0.3,2,0.3,0,8,62.8,2018
Chloe Molloy,COLL,82,11.7,19,2.7,101,14.4,43,6.1,43,6.1,74.3,16,2.3,25,3.6,3,0.4,1,0.1,0,0,4,0.6,4,0.6,5,0.7,16,2.3,17,2.4,5,0.7,1,0.1,2,0.3,0,0,25,7,94.9,2018
Emma Zielke,BL,64,8,34,4.3,98,12.3,44,5.5,53,6.6,53.1,14,1.8,24,3,0,0,5,0.6,0,0,19,2.4,5,0.6,2,0.3,29,3.6,4,0.5,0,0,0,0,1,0.1,1,0.1,0,8,75.1,2018
Brooke Lochland,WB,74,9.3,22,2.8,96,12,42,5.3,52,6.5,52.1,15,1.9,34,4.3,2,0.3,13,1.6,0,0,3,0.4,5,0.6,8,1,25,3.1,4,0.5,1,0.1,12,1.5,6,0.8,2,0.3,57.1,8,86.6,2018
Ebony Antonio,FRE,54,7.7,40,5.7,94,13.4,44,6.3,45,6.4,70.2,17,2.4,15,2.1,2,0.3,2,0.3,3,0.4,0,0,8,1.1,3,0.4,31,4.4,12,1.7,5,0.7,3,0.4,0,0,1,0.1,100,7,96.4,2018
Sabrina Frederick-Traub,BL,65,8.1,26,3.3,91,11.4,60,7.5,24,3,47.3,16,2,29,3.6,18,2.3,10,1.3,27,3.4,4,0.5,6,0.8,6,0.8,21,2.6,13,1.6,0,0,8,1,7,0.9,2,0.3,53.3,8,99.2,2018
Jenna Bruton,WB,52,6.5,39,4.9,91,11.4,48,6,44,5.5,57.1,16,2,21,2.6,1,0.1,3,0.4,0,0,10,1.3,7,0.9,3,0.4,37,4.6,10,1.3,0,0,3,0.4,2,0.3,1,0.1,50,8,81.8,2018
Lara Filocamo,FRE,61,8.7,30,4.3,91,13,43,6.1,42,6,53.8,17,2.4,11,1.6,0,0,0,0,0,0,14,2,7,1,5,0.7,21,3,1,0.1,0,0,1,0.1,0,0,0,0,100,7,60.9,2018
Brittany Gibson,BL,59,7.4,31,3.9,90,11.3,46,5.8,44,5.5,62.2,15,1.9,17,2.1,3,0.4,3,0.4,0,0,17,2.1,4,0.5,8,1,20,2.5,8,1,2,0.3,3,0.4,2,0.3,1,0.1,37.5,8,70.9,2018
Hayley Miller,FRE,66,9.4,24,3.4,90,12.9,61,8.7,33,4.7,41.1,18,2.6,14,2,2,0.3,3,0.4,0,0,19,2.7,6,0.9,3,0.4,26,3.7,10,1.4,3,0.4,1,0.1,1,0.1,1,0.1,33.3,7,75.2,2018
Lily Mithen,MELB,41,5.9,49,7,90,12.9,39,5.6,49,7,62.2,18,2.6,12,1.7,0,0,1,0.1,0,0,8,1.1,7,1,2,0.3,15,2.1,0,0,1,0.1,0,0,0,0,0,0,0,7,63.3,2018
Amanda Farrugia,GWS,60,8.6,29,4.1,89,12.7,48,6.9,42,6,53.9,21,3,13,1.9,1,0.1,1,0.1,0,0,16,2.3,8,1.1,5,0.7,36,5.1,4,0.6,0,0,2,0.3,1,0.1,0,0,50,7,85.4,2018
Breanna Koenen,BL,57,7.1,32,4,89,11.1,40,5,47,5.9,65.2,8,1,26,3.3,2,0.3,0,0,0,0,3,0.4,4,0.5,1,0.1,14,1.8,4,0.5,0,0,0,0,0,0,0,0,0,8,71.1,2018
Lisa Webb,FRE,68,11.3,19,3.2,87,14.5,28,4.7,51,8.5,50.6,18,3,19,3.2,0,0,2,0.3,0,0,12,2,5,0.8,2,0.3,18,3,4,0.7,0,0,2,0.3,2,0.3,1,0.2,40,6,98.1,2018
Jasmine Garner,COLL,67,9.6,20,2.9,87,12.4,40,5.7,43,6.1,65.5,13,1.9,29,4.1,5,0.7,5,0.7,2,0.3,4,0.6,7,1,2,0.3,32,4.6,4,0.6,0,0,5,0.7,3,0.4,1,0.1,55.6,7,93.2,2018
Sarah Hosking,CARL,45,6.4,39,5.6,84,12,44,6.3,43,6.1,53.6,18,2.6,12,1.7,1,0.1,2,0.3,0,0,17,2.4,13,1.9,8,1.1,40,5.7,5,0.7,3,0.4,0,0,1,0.1,1,0.1,0,7,87.3,2018
Hannah Scott,WB,63,7.9,21,2.6,84,10.5,33,4.1,42,5.3,75,12,1.5,14,1.8,0,0,0,0,0,0,2,0.3,5,0.6,6,0.8,27,3.4,9,1.1,0,0,1,0.1,0,0,0,0,100,8,87.7,2018
Caitlyn Edwards,COLL,48,6.9,34,4.9,82,11.7,48,6.9,39,5.6,57.3,26,3.7,16,2.3,0,0,2,0.3,0,0,15,2.1,8,1.1,7,1,34,4.9,6,0.9,5,0.7,4,0.6,1,0.1,4,0.6,80,7,84.4,2018
Kaitlyn Ashmore,BL,54,6.8,28,3.5,82,10.3,40,5,42,5.3,56.1,11,1.4,24,3,4,0.5,6,0.8,0,0,3,0.4,4,0.5,4,0.5,28,3.5,6,0.8,0,0,3,0.4,5,0.6,1,0.1,21.4,8,84.7,2018
Jess Duffin,COLL,72,12,9,1.5,81,13.5,23,3.8,45,7.5,79,8,1.3,28,4.7,4,0.7,1,0.2,0,0,1,0.2,2,0.3,2,0.3,11,1.8,10,1.7,0,0,1,0.2,0,0,1,0.2,100,6,85.2,2018
Christina Bernardi,COLL,67,9.6,13,1.9,80,11.4,40,5.7,42,6,50,26,3.7,30,4.3,6,0.9,11,1.6,0,0,4,0.6,4,0.6,10,1.4,15,2.1,9,1.3,2,0.3,9,1.3,4,0.6,2,0.3,42.9,7,84.5,2018
Angela Foley,ADEL,69,11.5,11,1.8,80,13.3,39,6.5,32,5.3,50,21,3.5,18,3,4,0.7,0,0,0,0,4,0.7,2,0.3,2,0.3,21,3.5,10,1.7,0,0,0,0,0,0,0,0,0,6,90.3,2018
Kate Hore,MELB,43,6.1,36,5.1,79,11.3,41,5.9,40,5.7,62,9,1.3,22,3.1,2,0.3,7,1,0,0,5,0.7,10,1.4,1,0.1,20,2.9,9,1.3,1,0.1,6,0.9,4,0.6,3,0.4,46.2,7,83.7,2018
Shelley Scott,MELB,46,6.6,33,4.7,79,11.3,48,6.9,34,4.9,51.9,9,1.3,21,3,5,0.7,10,1.4,0,0,6,0.9,7,1,3,0.4,32,4.6,7,1,1,0.1,3,0.4,4,0.6,2,0.3,23.1,7,90.9,2018
Brittany Bonnici,COLL,45,6.4,33,4.7,78,11.1,36,5.1,41,5.9,64.1,20,2.9,14,2,0,0,0,0,0,0,10,1.4,4,0.6,9,1.3,24,3.4,8,1.1,2,0.3,1,0.1,0,0,2,0.3,100,7,66,2018
Angelica Gogos,WB,34,4.3,44,5.5,78,9.8,50,6.3,29,3.6,66.7,14,1.8,7,0.9,0,0,0,0,0,0,22,2.8,5,0.6,6,0.8,50,6.3,4,0.5,1,0.1,0,0,0,0,1,0.1,0,8,69.4,2018
Rebecca Beeson,GWS,52,7.4,25,3.6,77,11,36,5.1,41,5.9,59.7,9,1.3,13,1.9,3,0.4,1,0.1,0,0,5,0.7,5,0.7,4,0.6,16,2.3,4,0.6,0,0,2,0.3,1,0.1,2,0.3,66.7,7,76.9,2018
Jessica Dal Pos,GWS,52,7.4,25,3.6,77,11,35,5,33,4.7,63.6,13,1.9,10,1.4,0,0,0,0,0,0,15,2.1,6,0.9,6,0.9,36,5.1,8,1.1,0,0,1,0.1,0,0,2,0.3,50,7,82,2018
Jess Wuetschner,BL,61,7.6,16,2,77,9.6,33,4.1,41,5.1,59.7,14,1.8,19,2.4,1,0.1,9,1.1,0,0,3,0.4,7,0.9,7,0.9,23,2.9,12,1.5,0,0,13,1.6,6,0.8,3,0.4,65,8,91.4,2018
Bianca Jakobsson,MELB,41,6.8,34,5.7,75,12.5,39,6.5,34,5.7,66.7,16,2.7,24,4,6,1,0,0,0,0,2,0.3,5,0.8,5,0.8,19,3.2,6,1,0,0,0,0,0,0,0,0,0,6,84.4,2018
Amelia Barden,COLL,39,5.6,34,4.9,73,10.4,48,6.9,29,4.1,53.4,24,3.4,7,1,0,0,0,0,0,0,13,1.9,11,1.6,12,1.7,47,6.7,6,0.9,1,0.1,3,0.4,4,0.6,2,0.3,42.9,7,70.7,2018
Jacinda Barclay,GWS,41,5.9,31,4.4,72,10.3,49,7,23,3.3,54.2,13,1.9,23,3.3,10,1.4,9,1.3,0,0,0,0,10,1.4,4,0.6,20,2.9,9,1.3,0,0,4,0.6,3,0.4,2,0.3,36.4,7,79.1,2018
Nicola Barr,GWS,48,6.9,23,3.3,71,10.1,21,3,44,6.3,53.5,26,3.7,12,1.7,1,0.1,0,0,0,0,1,0.1,3,0.4,8,1.1,22,3.1,14,2,0,0,0,0,0,0,0,0,0,7,92.2,2018
Richelle Cranston,MELB,51,7.3,19,2.7,70,10,38,5.4,34,4.9,44.3,13,1.9,17,2.4,4,0.6,7,1,9,1.3,5,0.7,6,0.9,5,0.7,26,3.7,2,0.3,3,0.4,5,0.7,4,0.6,1,0.1,41.7,7,76.6,2018
Stephanie Chiocci,COLL,42,8.4,28,5.6,70,14,31,6.2,39,7.8,71.4,12,2.4,7,1.4,0,0,1,0.2,0,0,11,2.2,4,0.8,3,0.6,21,4.2,5,1,0,0,2,0.4,1,0.2,0,0,40,5,78.4,2018
Elle Bennetts,GWS,43,6.1,26,3.7,69,9.9,29,4.1,38,5.4,49.3,17,2.4,17,2.4,1,0.1,2,0.3,0,0,8,1.1,5,0.7,5,0.7,23,3.3,5,0.7,3,0.4,0,0,1,0.1,2,0.3,0,7,73.4,2018
Deni Varnhagen,ADEL,49,7,20,2.9,69,9.9,42,6,28,4,44.9,25,3.6,13,1.9,0,0,0,0,0,0,11,1.6,2,0.3,12,1.7,10,1.4,9,1.3,3,0.4,0,0,0,0,0,0,0,7,70.2,2018
Justine Mules,ADEL,46,6.6,23,3.3,69,9.9,44,6.3,20,2.9,46.4,16,2.3,5,0.7,1,0.1,2,0.3,0,0,13,1.9,4,0.6,5,0.7,31,4.4,7,1,0,0,0,0,1,0.1,1,0.1,0,7,61.3,2018
Britt Tully,GWS,54,7.7,15,2.1,69,9.9,52,7.4,22,3.1,53.6,8,1.1,7,1,0,0,1,0.1,0,0,22,3.1,7,1,1,0.1,36,5.1,3,0.4,0,0,1,0.1,0,0,1,0.1,100,7,66.8,2018
Katherine Smith,MELB,45,6.4,23,3.3,68,9.7,36,5.1,30,4.3,64.7,15,2.1,7,1,1,0.1,0,0,0,0,11,1.6,6,0.9,11,1.6,30,4.3,8,1.1,0,0,1,0.1,1,0.1,0,0,33.3,7,78.2,2018
Maddison Gay,CARL,44,6.3,22,3.1,66,9.4,39,5.6,32,4.6,51.5,16,2.3,9,1.3,4,0.6,0,0,0,0,15,2.1,3,0.4,7,1,23,3.3,4,0.6,0,0,1,0.1,2,0.3,2,0.3,33.3,7,75.2,2018
Stephanie Cain,FRE,41,5.9,25,3.6,66,9.4,36,5.1,32,4.6,48.5,13,1.9,9,1.3,1,0.1,1,0.1,0,0,6,0.9,9,1.3,5,0.7,32,4.6,11,1.6,2,0.3,1,0.1,1,0.1,0,0,50,7,77.5,2018
Aisling Utri,WB,43,6.1,22,3.1,65,9.3,31,4.4,37,5.3,64.6,4,0.6,14,2,5,0.7,2,0.3,0,0,6,0.9,2,0.3,2,0.3,7,1,6,0.9,0,0,3,0.4,4,0.6,1,0.1,42.9,7,73.7,2018
Nat Exon,BL,40,5.7,25,3.6,65,9.3,35,5,31,4.4,63.1,14,2,16,2.3,1,0.1,1,0.1,1,0.1,5,0.7,6,0.9,9,1.3,44,6.3,7,1,0,0,2,0.3,1,0.1,1,0.1,50,7,72.8,2018
Meg Downie,MELB,39,6.5,26,4.3,65,10.8,42,7,19,3.2,72.3,13,2.2,16,2.7,6,1,0,0,0,0,2,0.3,6,1,7,1.2,17,2.8,9,1.5,1,0.2,0,0,0,0,0,0,0,6,84.6,2018
Melissa Kuys,COLL,50,7.1,15,2.1,65,9.3,26,3.7,39,5.6,67.7,12,1.7,19,2.7,3,0.4,1,0.1,0,0,3,0.4,5,0.7,1,0.1,14,2,5,0.7,1,0.1,2,0.3,1,0.1,0,0,66.7,7,67.9,2018
Bonnie Toogood,WB,44,5.5,20,2.5,64,8,35,4.4,27,3.4,67.2,4,0.5,19,2.4,5,0.6,6,0.8,4,0.5,4,0.5,6,0.8,1,0.1,14,1.8,6,0.8,0,0,5,0.6,2,0.3,3,0.4,50,8,91.9,2018
Sarah Allan,ADEL,51,7.3,12,1.7,63,9,33,4.7,18,2.6,66.7,9,1.3,8,1.1,1,0.1,0,0,3,0.4,1,0.1,1,0.1,1,0.1,14,2,33,4.7,0,0,0,0,0,0,0,0,0,7,93,2018
Aasta O'Connor,WB,40,5,23,2.9,63,7.9,23,2.9,41,5.1,73,15,1.9,21,2.6,0,0,0,0,82,10.3,9,1.1,6,0.8,8,1,16,2,11,1.4,0,0,2,0.3,0,0,0,0,66.7,8,65.9,2018
Cassie Davidson,FRE,46,6.6,17,2.4,63,9,28,4,27,3.9,60.3,21,3,12,1.7,1,0.1,0,0,0,0,2,0.3,4,0.6,9,1.3,18,2.6,8,1.1,3,0.4,0,0,0,0,0,0,0,7,76.5,2018
Ruth Wallace,ADEL,48,6.9,15,2.1,63,9,38,5.4,31,4.4,55.6,17,2.4,14,2,2,0.3,4,0.6,0,0,5,0.7,3,0.4,6,0.9,15,2.1,6,0.9,0,0,7,1,2,0.3,2,0.3,53.8,7,83.9,2018
Emma Grant,COLL,43,6.1,19,2.7,62,8.9,20,2.9,37,5.3,54.8,11,1.6,17,2.4,0,0,1,0.1,0,0,3,0.4,7,1,7,1,18,2.6,10,1.4,1,0.1,0,0,0,0,0,0,0,7,77.3,2018
Katie Loynes,CARL,45,7.5,15,2.5,60,10,34,5.7,28,4.7,55,13,2.2,11,1.8,1,0.2,1,0.2,0,0,4,0.7,11,1.8,7,1.2,37,6.2,6,1,0,0,2,0.3,4,0.7,0,0,25,6,89.1,2018
Lauren Spark,WB,39,4.9,21,2.6,60,7.5,29,3.6,31,3.9,65,7,0.9,16,2,5,0.6,1,0.1,1,0.1,1,0.1,3,0.4,3,0.4,6,0.8,19,2.4,0,0,0,0,1,0.1,0,0,0,8,89.6,2018
Erin Phillips,ADEL,46,9.2,14,2.8,60,12,42,8.4,11,2.2,50,8,1.6,8,1.6,3,0.6,5,1,0,0,13,2.6,6,1.2,3,0.6,11,2.2,4,0.8,0,0,7,1.4,3,0.6,1,0.2,50,5,86.8,2018
Leah Kaslar,BL,22,2.8,38,4.8,60,7.5,44,5.5,13,1.6,70,12,1.5,6,0.8,2,0.3,0,0,1,0.1,2,0.3,10,1.3,4,0.5,28,3.5,26,3.3,0,0,0,0,0,0,0,0,0,8,97,2018
Melissa Hickey,MELB,29,4.8,30,5,59,9.8,34,5.7,29,4.8,54.2,19,3.2,11,1.8,3,0.5,1,0.2,0,0,3,0.5,2,0.3,6,1,24,4,8,1.3,0,0,1,0.2,0,0,0,0,100,6,76.7,2018
Ellie Brush,GWS,30,4.3,29,4.1,59,8.4,40,5.7,20,2.9,50.8,15,2.1,7,1,1,0.1,1,0.1,0,0,2,0.3,7,1,6,0.9,14,2,15,2.1,0,0,0,0,0,0,0,0,0,7,77.9,2018
Tayla Harris,CARL,48,8,11,1.8,59,9.8,40,6.7,18,3,40.7,22,3.7,20,3.3,13,2.2,7,1.2,2,0.3,4,0.7,12,2,9,1.5,19,3.2,2,0.3,0,0,5,0.8,6,1,2,0.3,35.7,6,89.3,2018
Cecilia McIntosh,COLL,31,4.4,28,4,59,8.4,26,3.7,30,4.3,69.5,15,2.1,11,1.6,1,0.1,0,0,0,0,3,0.4,6,0.9,5,0.7,19,2.7,11,1.6,1,0.1,0,0,0,0,1,0.1,0,7,85.2,2018
Naomi Ferres,WB,35,4.4,24,3,59,7.4,29,3.6,32,4,59.3,11,1.4,11,1.4,0,0,0,0,0,0,7,0.9,6,0.8,6,0.8,18,2.3,5,0.6,1,0.1,0,0,0,0,1,0.1,0,8,69.8,2018
Sharni Webb,BL,30,3.8,28,3.5,58,7.3,34,4.3,24,3,46.6,11,1.4,8,1,1,0.1,3,0.4,37,4.6,7,0.9,4,0.5,3,0.4,17,2.1,4,0.5,0,0,1,0.1,2,0.3,1,0.1,20,8,72.8,2018
Emma Swanson,GWS,46,7.7,12,2,58,9.7,28,4.7,21,3.5,60.3,11,1.8,7,1.2,2,0.3,0,0,0,0,3,0.5,5,0.8,4,0.7,13,2.2,7,1.2,0,0,0,0,0,0,0,0,0,6,74,2018
Gabby O'Sullivan,FRE,42,6,16,2.3,58,8.3,28,4,21,3,39.7,20,2.9,5,0.7,1,0.1,2,0.3,0,0,6,0.9,4,0.6,8,1.1,28,4,2,0.3,4,0.6,1,0.1,3,0.4,3,0.4,12.5,7,68.9,2018
Nicola Stevens,CARL,41,5.9,16,2.3,57,8.1,36,5.1,20,2.9,61.4,19,2.7,11,1.6,3,0.4,3,0.4,0,0,7,1,5,0.7,11,1.6,23,3.3,10,1.4,1,0.1,1,0.1,2,0.3,0,0,33.3,7,86.6,2018
Cora Staunton,GWS,39,5.6,18,2.6,57,8.1,36,5.1,17,2.4,52.6,23,3.3,13,1.9,5,0.7,4,0.6,0,0,3,0.4,4,0.6,11,1.6,14,2,5,0.7,0,0,5,0.7,8,1.1,3,0.4,27.8,7,93.7,2018
Dayna Cox,ADEL,39,6.5,17,2.8,56,9.3,32,5.3,24,4,66.1,13,2.2,12,2,2,0.3,0,0,0,0,5,0.8,7,1.2,5,0.8,16,2.7,8,1.3,0,0,0,0,1,0.2,1,0.2,0,6,78.7,2018
Emma King,COLL,49,7,7,1,56,8,24,3.4,22,3.1,55.4,16,2.3,15,2.1,5,0.7,0,0,125,17.9,13,1.9,9,1.3,9,1.3,14,2,13,1.9,0,0,1,0.1,2,0.3,0,0,25,7,75.1,2018
Lauren Pearce,MELB,24,4,32,5.3,56,9.3,31,5.2,22,3.7,60.7,3,0.5,8,1.3,4,0.7,4,0.7,73,12.2,6,1,5,0.8,1,0.2,17,2.8,4,0.7,0,0,1,0.2,2,0.3,0,0,33.3,6,68.7,2018
Nicole Callinan,WB,44,5.5,12,1.5,56,7,20,2.5,34,4.3,57.1,11,1.4,16,2,0,0,0,0,0,0,5,0.6,3,0.4,4,0.5,17,2.1,2,0.3,1,0.1,1,0.1,0,0,2,0.3,100,8,67,2018
Evangeline Gooch,FRE,36,5.1,20,2.9,56,8,25,3.6,29,4.1,55.4,15,2.1,10,1.4,0,0,0,0,0,0,0,0,4,0.6,2,0.3,22,3.1,12,1.7,0,0,0,0,0,0,0,0,0,7,83.5,2018
Tegan Cunningham,MELB,33,4.7,22,3.1,55,7.9,38,5.4,17,2.4,69.1,14,2,20,2.9,12,1.7,11,1.6,9,1.3,0,0,6,0.9,7,1,11,1.6,7,1,0,0,9,1.3,7,1,3,0.4,52.9,7,82.4,2018
Gabriella Pound,CARL,42,6,13,1.9,55,7.9,32,4.6,21,3,63.6,18,2.6,7,1,4,0.6,0,0,0,0,2,0.3,4,0.6,7,1,13,1.9,20,2.9,0,0,0,0,0,0,0,0,0,7,82.6,2018
Kerryn Harrington,CARL,34,4.9,20,2.9,54,7.7,28,4,29,4.1,61.1,21,3,15,2.1,0,0,0,0,0,0,4,0.6,7,1,7,1,24,3.4,5,0.7,1,0.1,0,0,0,0,0,0,0,7,88.1,2018
Phoebe McWilliams,GWS,31,4.4,23,3.3,54,7.7,39,5.6,17,2.4,57.4,9,1.3,16,2.3,9,1.3,8,1.1,1,0.1,0,0,10,1.4,5,0.7,16,2.3,10,1.4,0,0,7,1,3,0.4,1,0.1,50,7,86.1,2018
Sophie Li,CARL,34,4.9,20,2.9,54,7.7,30,4.3,19,2.7,40.7,19,2.7,7,1,1,0.1,1,0.1,0,0,5,0.7,2,0.3,5,0.7,20,2.9,4,0.6,0,0,0,0,2,0.3,0,0,0,7,62.5,2018
Melissa Caulfield,FRE,28,4,25,3.6,53,7.6,37,5.3,17,2.4,54.7,12,1.7,8,1.1,1,0.1,2,0.3,0,0,5,0.7,2,0.3,3,0.4,14,2,4,0.6,1,0.1,3,0.4,0,0,1,0.1,100,7,76.1,2018
Breann Moody,CARL,33,4.7,20,2.9,53,7.6,34,4.9,21,3,56.6,20,2.9,7,1,2,0.3,0,0,147,21,13,1.9,2,0.3,5,0.7,11,1.6,13,1.9,0,0,0,0,0,0,0,0,0,7,77,2018
Tahlia Randall,BL,37,4.6,16,2,53,6.6,34,4.3,19,2.4,60.4,16,2,9,1.1,1,0.1,0,0,140,17.5,14,1.8,7,0.9,10,1.3,24,3,1,0.1,0,0,0,0,0,0,0,0,0,8,71.6,2018
Libby Birch,WB,36,4.5,16,2,52,6.5,29,3.6,25,3.1,53.8,17,2.1,10,1.3,0,0,0,0,0,0,1,0.1,7,0.9,8,1,29,3.6,39,4.9,0,0,0,0,0,0,0,0,0,8,96.4,2018
Jess Hosking,CARL,32,5.3,20,3.3,52,8.7,29,4.8,24,4,44.2,10,1.7,5,0.8,0,0,1,0.2,0,0,8,1.3,11,1.8,3,0.5,22,3.7,5,0.8,0,0,0,0,3,0.5,0,0,0,6,64.4,2018
Moana Hope,COLL,41,6.8,11,1.8,52,8.7,24,4,24,4,48.1,13,2.2,17,2.8,4,0.7,7,1.2,0,0,0,0,4,0.7,6,1,5,0.8,0,0,2,0.3,8,1.3,5,0.8,6,1,50,6,91.3,2018
Shae Audley,CARL,33,4.7,18,2.6,51,7.3,25,3.6,25,3.6,72.5,11,1.6,8,1.1,0,0,1,0.1,0,0,12,1.7,7,1,5,0.7,43,6.1,5,0.7,0,0,0,0,1,0.1,1,0.1,0,7,70.8,2018
Katherine Gillespie-Jones,CARL,25,4.2,25,4.2,50,8.3,28,4.7,21,3.5,64,12,2,5,0.8,0,0,2,0.3,2,0.3,1,0.2,6,1,3,0.5,12,2,11,1.8,1,0.2,0,0,2,0.3,0,0,0,6,84.8,2018
Tilly Lucas-Rodd,CARL,34,5.7,16,2.7,50,8.3,27,4.5,23,3.8,56,12,2,9,1.5,0,0,0,0,0,0,3,0.5,5,0.8,6,1,21,3.5,7,1.2,1,0.2,0,0,1,0.2,1,0.2,0,6,66.7,2018
Danielle Hardiman,CARL,37,6.2,12,2,49,8.2,22,3.7,21,3.5,65.3,10,1.7,12,2,1,0.2,0,0,0,0,2,0.3,4,0.7,1,0.2,16,2.7,10,1.7,0,0,0,0,0,0,0,0,0,6,85.3,2018
Arianna Clarke,BL,27,3.4,22,2.8,49,6.1,27,3.4,21,2.6,73.5,9,1.1,6,0.8,4,0.5,0,0,0,0,1,0.1,6,0.8,6,0.8,14,1.8,6,0.8,0,0,0,0,0,0,0,0,0,8,70.9,2018
Ashleigh Guest,MELB,29,4.1,20,2.9,49,7,24,3.4,22,3.1,63.3,11,1.6,7,1,1,0.1,0,0,0,0,3,0.4,4,0.6,3,0.4,20,2.9,11,1.6,0,0,0,0,0,0,0,0,0,7,81,2018
Eloise Jones,ADEL,37,5.3,12,1.7,49,7,25,3.6,22,3.1,55.1,17,2.4,5,0.7,2,0.3,3,0.4,0,0,8,1.1,3,0.4,8,1.1,17,2.4,5,0.7,0,0,3,0.4,0,0,0,0,60,7,77.8,2018
Aliesha Newman,MELB,36,5.1,13,1.9,49,7,26,3.7,25,3.6,44.9,17,2.4,10,1.4,0,0,4,0.6,0,0,5,0.7,3,0.4,7,1,15,2.1,7,1,11,1.6,3,0.4,3,0.4,3,0.4,37.5,7,72,2018
Marijana Rajcic,ADEL,32,6.4,16,3.2,48,9.6,21,4.2,21,4.2,60.4,7,1.4,9,1.8,0,0,0,0,0,0,5,1,3,0.6,2,0.4,7,1.4,4,0.8,1,0.2,1,0.2,2,0.4,0,0,33.3,5,68.6,2018
Phoebe Monahan,GWS,38,6.3,9,1.5,47,7.8,16,2.7,19,3.2,55.3,11,1.8,4,0.7,0,0,0,0,0,0,2,0.3,1,0.2,5,0.8,17,2.8,22,3.7,0,0,0,0,0,0,0,0,0,6,80.3,2018
Darcy Vescio,CARL,38,5.4,9,1.3,47,6.7,39,5.6,9,1.3,46.8,13,1.9,5,0.7,4,0.6,1,0.1,0,0,0,0,13,1.9,6,0.9,17,2.4,10,1.4,2,0.3,5,0.7,6,0.9,1,0.1,35.7,7,90.8,2018
Sophie Conway,BL,35,5.8,12,2,47,7.8,27,4.5,23,3.8,57.4,20,3.3,13,2.2,2,0.3,5,0.8,0,0,1,0.2,5,0.8,11,1.8,16,2.7,1,0.2,3,0.5,5,0.8,3,0.5,1,0.2,45.5,6,66.2,2018
Stevie-Lee Thompson,ADEL,38,5.4,9,1.3,47,6.7,29,4.1,17,2.4,55.3,13,1.9,8,1.1,0,0,0,0,0,0,1,0.1,1,0.1,2,0.3,15,2.1,14,2,0,0,1,0.1,0,0,0,0,50,7,87.3,2018
Ashlee Atkins,FRE,40,5.7,7,1,47,6.7,27,3.9,24,3.4,40.4,11,1.6,10,1.4,0,0,3,0.4,4,0.6,7,1,8,1.1,6,0.9,22,3.1,8,1.1,0,0,3,0.4,4,0.6,1,0.1,42.9,7,79.1,2018
Hayley Wildes,WB,36,5.1,10,1.4,46,6.6,14,2,30,4.3,58.7,8,1.1,13,1.9,1,0.1,0,0,0,0,4,0.6,1,0.1,1,0.1,11,1.6,1,0.1,3,0.4,0,0,1,0.1,1,0.1,0,7,59.4,2018
Shannon Campbell,BL,41,5.9,5,0.7,46,6.6,11,1.6,33,4.7,54.3,10,1.4,15,2.1,2,0.3,1,0.1,0,0,2,0.3,1,0.1,1,0.1,14,2,15,2.1,0,0,0,0,0,0,0,0,0,7,87.1,2018
Pepa Randall,GWS,30,4.3,16,2.3,46,6.6,20,2.9,16,2.3,69.6,11,1.6,6,0.9,2,0.3,0,0,0,0,0,0,2,0.3,6,0.9,9,1.3,19,2.7,0,0,0,0,0,0,0,0,0,7,77.5,2018
Catherine Phillips,MELB,16,2.7,30,5,46,7.7,25,4.2,22,3.7,60.9,13,2.2,6,1,1,0.2,0,0,0,0,4,0.7,2,0.3,5,0.8,12,2,2,0.3,1,0.2,0,0,1,0.2,0,0,0,6,72.1,2018
Alison Downie,CARL,24,3.4,22,3.1,46,6.6,23,3.3,24,3.4,58.7,10,1.4,15,2.1,4,0.6,3,0.4,45,6.4,2,0.3,3,0.4,1,0.1,11,1.6,14,2,0,0,3,0.4,0,0,0,0,75,7,86.8,2018
Jessica Sedunary,ADEL,39,5.6,7,1,46,6.6,23,3.3,24,3.4,43.5,18,2.6,8,1.1,2,0.3,1,0.1,0,0,6,0.9,0,0,11,1.6,18,2.6,2,0.3,1,0.1,2,0.3,0,0,2,0.3,66.7,7,78.4,2018
Kate McCarthy,BL,37,4.6,9,1.1,46,5.8,13,1.6,34,4.3,45.7,12,1.5,14,1.8,0,0,4,0.5,0,0,3,0.4,2,0.3,3,0.4,13,1.6,1,0.1,12,1.5,1,0.1,2,0.3,2,0.3,14.3,8,63.2,2018
Belinda Smith,FRE,26,5.2,19,3.8,45,9,23,4.6,21,4.2,60,7,1.4,11,2.2,0,0,0,0,0,0,7,1.4,3,0.6,1,0.2,16,3.2,7,1.4,2,0.4,0,0,0,0,0,0,0,5,71.4,2018
Lauren Tesoriero,COLL,22,3.7,23,3.8,45,7.5,27,4.5,16,2.7,71.1,9,1.5,13,2.2,5,0.8,3,0.5,0,0,8,1.3,3,0.5,3,0.5,16,2.7,4,0.7,0,0,1,0.2,1,0.2,0,0,33.3,6,61.6,2018
Jasmine Grierson,MELB,29,4.8,15,2.5,44,7.3,25,4.2,19,3.2,56.8,5,0.8,8,1.3,1,0.2,1,0.2,0,0,3,0.5,4,0.7,1,0.2,16,2.7,5,0.8,1,0.2,0,0,2,0.3,1,0.2,0,6,72.3,2018
Sarah D'Arcy,COLL,28,5.6,15,3,43,8.6,22,4.4,22,4.4,72.1,4,0.8,15,3,1,0.2,3,0.6,0,0,3,0.6,2,0.4,1,0.2,12,2.4,3,0.6,0,0,0,0,0,0,1,0.2,0,5,85.6,2018
Alex Williams,FRE,26,3.7,16,2.3,42,6,20,2.9,16,2.3,71.4,8,1.1,9,1.3,0,0,0,0,0,0,1,0.1,3,0.4,2,0.3,10,1.4,17,2.4,1,0.1,0,0,0,0,0,0,0,7,96.5,2018
Rhiannon Metcalfe,ADEL,30,4.3,11,1.6,41,5.9,25,3.6,15,2.1,58.5,8,1.1,2,0.3,0,0,0,0,117,16.7,12,1.7,6,0.9,3,0.4,15,2.1,10,1.4,0,0,0,0,0,0,0,0,0,7,76.4,2018
Tiarna Ernst,WB,17,2.1,23,2.9,40,5,23,2.9,17,2.1,72.5,11,1.4,3,0.4,0,0,0,0,37,4.6,1,0.1,4,0.5,10,1.3,27,3.4,23,2.9,0,0,0,0,0,0,0,0,0,8,83.9,2018
Amy Lavell,FRE,26,3.7,14,2,40,5.7,23,3.3,19,2.7,52.5,4,0.6,10,1.4,3,0.4,5,0.7,1,0.1,0,0,6,0.9,4,0.6,8,1.1,6,0.9,0,0,6,0.9,2,0.3,2,0.3,54.5,7,74.3,2018
Courtney Cramey,ADEL,36,9,3,0.8,39,9.8,20,5,15,3.8,56.4,11,2.8,10,2.5,0,0,0,0,0,0,7,1.8,6,1.5,4,1,9,2.3,7,1.8,0,0,1,0.3,1,0.3,0,0,25,4,83.6,2018
Katie Brennan,WB,33,8.3,6,1.5,39,9.8,15,3.8,26,6.5,53.8,15,3.8,16,4,2,0.5,6,1.5,2,0.5,1,0.3,4,1,9,2.3,9,2.3,2,0.5,1,0.3,6,1.5,2,0.5,0,0,54.5,4,92.4,2018
Tanya Hetherington,GWS,23,3.3,16,2.3,39,5.6,15,2.1,17,2.4,87.2,7,1,10,1.4,3,0.4,0,0,0,0,0,0,0,0,3,0.4,4,0.6,22,3.1,0,0,0,0,0,0,0,0,0,7,86.9,2018
Jenna McCormick,ADEL,31,5.2,6,1,37,6.2,15,2.5,21,3.5,48.6,11,1.8,10,1.7,1,0.2,6,1,0,0,0,0,3,0.5,5,0.8,15,2.5,4,0.7,1,0.2,5,0.8,7,1.2,0,0,38.5,6,79.5,2018
Jordan Zanchetta,BL,23,4.6,13,2.6,36,7.2,22,4.4,17,3.4,50,6,1.2,6,1.2,0,0,1,0.2,0,0,7,1.4,4,0.8,2,0.4,15,3,5,1,0,0,0,0,0,0,1,0.2,0,5,52,2018
Erin McKinnon,GWS,10,1.4,25,3.6,35,5,25,3.6,12,1.7,65.7,6,0.9,4,0.6,2,0.3,0,0,173,24.7,9,1.3,4,0.6,4,0.6,13,1.9,4,0.6,0,0,0,0,0,0,0,0,0,7,69.2,2018
Ashley Sharp,FRE,22,4.4,13,2.6,35,7,18,3.6,14,2.8,60,7,1.4,6,1.2,0,0,0,0,0,0,1,0.2,4,0.8,3,0.6,6,1.2,3,0.6,5,1,2,0.4,2,0.4,2,0.4,33.3,5,69.3,2018
Bree White,COLL,18,4.5,16,4,34,8.5,12,3,21,5.3,64.7,7,1.8,10,2.5,0,0,0,0,0,0,2,0.5,1,0.3,2,0.5,12,3,2,0.5,0,0,0,0,0,0,0,0,0,4,56.9,2018
Georgia Gee,CARL,28,4.7,6,1,34,5.7,24,4,9,1.5,41.2,5,0.8,3,0.5,0,0,0,0,0,0,3,0.5,4,0.7,1,0.2,15,2.5,5,0.8,0,0,1,0.2,2,0.3,0,0,20,6,64.9,2018
Rheanne Lugg,ADEL,27,4.5,7,1.2,34,5.7,9,1.5,26,4.3,55.9,14,2.3,17,2.8,0,0,0,0,0,0,2,0.3,1,0.2,6,1,7,1.2,6,1,0,0,0,0,0,0,0,0,0,6,73.3,2018
Brooke Patterson,MELB,24,4.8,9,1.8,33,6.6,14,2.8,18,3.6,48.5,9,1.8,7,1.4,2,0.4,0,0,1,0.2,0,0,3,0.6,1,0.2,5,1,2,0.4,0,0,0,0,0,0,0,0,0,5,58,2018
Sarah Perkins,ADEL,23,3.3,9,1.3,32,4.6,16,2.3,14,2,59.4,5,0.7,4,0.6,3,0.4,1,0.1,4,0.6,1,0.1,1,0.1,1,0.1,15,2.1,2,0.3,1,0.1,1,0.1,4,0.6,4,0.6,14.3,7,81.2,2018
Brianna Davey,CARL,20,10,12,6,32,16,16,8,19,9.5,68.8,6,3,6,3,0,0,0,0,0,0,2,1,5,2.5,3,1.5,8,4,7,3.5,0,0,0,0,0,0,0,0,0,2,91.5,2018
Jodie Hicks,GWS,16,2.7,16,2.7,32,5.3,18,3,14,2.3,65.6,5,0.8,5,0.8,0,0,3,0.5,0,0,2,0.3,2,0.3,2,0.3,18,3,3,0.5,0,0,1,0.2,1,0.2,0,0,33.3,6,56.4,2018
Nicole Hildebrand,BL,22,4.4,10,2,32,6.4,20,4,13,2.6,65.6,3,0.6,8,1.6,2,0.4,0,0,0,0,2,0.4,2,0.4,2,0.4,6,1.2,13,2.6,0,0,0,0,0,0,0,0,0,5,63.4,2018
Harriet Cordner,MELB,21,5.3,11,2.8,32,8,20,5,12,3,59.4,6,1.5,7,1.8,5,1.3,0,0,7,1.8,3,0.8,3,0.8,2,0.5,13,3.3,9,2.3,0,0,0,0,0,0,0,0,0,4,87.2,2018
Jasmyn Hewett,ADEL,22,3.1,10,1.4,32,4.6,20,2.9,16,2.3,56.3,16,2.3,5,0.7,1,0.1,1,0.1,19,2.7,2,0.3,2,0.3,10,1.4,14,2,10,1.4,0,0,2,0.3,0,0,0,0,100,7,69,2018
Lauren Brazzale,CARL,25,5,6,1.2,31,6.2,13,2.6,16,3.2,61.3,5,1,3,0.6,0,0,2,0.4,0,0,4,0.8,0,0,2,0.4,11,2.2,0,0,0,0,0,0,3,0.6,0,0,0,5,58.2,2018
Meg Hutchins,COLL,22,4.4,9,1.8,31,6.2,13,2.6,17,3.4,71,8,1.6,8,1.6,2,0.4,0,0,23,4.6,1,0.2,1,0.2,5,1,5,1,3,0.6,0,0,3,0.6,1,0.2,0,0,75,5,59.3,2018
Iilish Ross,COLL,21,4.2,10,2,31,6.2,16,3.2,15,3,48.4,11,2.2,7,1.4,1,0.2,0,0,0,0,0,0,1,0.2,3,0.6,14,2.8,10,2,0,0,0,0,0,0,0,0,0,5,81.8,2018
Anne Hatchard,ADEL,14,3.5,16,4,30,7.5,18,4.5,10,2.5,80,5,1.3,4,1,1,0.3,0,0,1,0.3,2,0.5,1,0.3,3,0.8,9,2.3,3,0.8,0,0,1,0.3,0,0,2,0.5,100,4,55.3,2018
Georgia Bevan,ADEL,18,3.6,11,2.2,29,5.8,17,3.4,12,2.4,24.1,10,2,2,0.4,0,0,0,0,0,0,1,0.2,4,0.8,0,0,16,3.2,3,0.6,0,0,0,0,0,0,0,0,0,5,59.3,2018
Alicia Janz,FRE,6,0.9,23,3.3,29,4.1,21,3,9,1.3,86.2,6,0.9,2,0.3,1,0.1,0,0,81,11.6,10,1.4,3,0.4,4,0.6,20,2.9,6,0.9,0,0,0,0,0,0,0,0,0,7,52.7,2018
Renee Forth,GWS,16,3.2,12,2.4,28,5.6,21,4.2,13,2.6,60.7,11,2.2,6,1.2,0,0,0,0,0,0,2,0.4,5,1,9,1.8,10,2,0,0,0,0,0,0,2,0.4,0,0,0,5,65.3,2018
Lauren Arnell,CARL,21,5.3,6,1.5,27,6.8,10,2.5,17,4.3,48.1,4,1,7,1.8,0,0,0,0,0,0,3,0.8,1,0.3,1,0.3,10,2.5,3,0.8,0,0,2,0.5,1,0.3,0,0,50,4,68.3,2018
Deanna Berry,WB,21,3.5,6,1,27,4.5,14,2.3,13,2.2,59.3,9,1.5,6,1,1,0.2,1,0.2,0,0,2,0.3,2,0.3,5,0.8,8,1.3,1,0.2,0,0,2,0.3,1,0.2,0,0,40,6,70.3,2018
Bailey Hunt,WB,19,3.2,8,1.3,27,4.5,11,1.8,15,2.5,40.7,5,0.8,6,1,0,0,0,0,0,0,0,0,3,0.5,1,0.2,6,1,6,1,0,0,0,0,0,0,0,0,0,6,60.3,2018
Leah Mascall,FRE,17,2.4,10,1.4,27,3.9,21,3,9,1.3,48.1,8,1.1,3,0.4,0,0,0,0,0,0,2,0.3,4,0.6,3,0.4,16,2.3,9,1.3,0,0,0,0,0,0,0,0,0,7,69.5,2018
Laura Duryea,MELB,23,5.8,3,0.8,26,6.5,12,3,12,3,46.2,13,3.3,4,1,0,0,0,0,0,0,0,0,1,0.3,4,1,5,1.3,16,4,0,0,0,0,0,0,0,0,0,4,91.7,2018
Tara Morgan,COLL,21,5.3,5,1.3,26,6.5,7,1.8,17,4.3,42.3,7,1.8,8,2,1,0.3,0,0,0,0,0,0,0,0,2,0.5,4,1,7,1.8,0,0,0,0,0,0,0,0,0,4,80.7,2018
Megan Hunt,BL,14,3.5,11,2.8,25,6.3,12,3,14,3.5,32,7,1.8,5,1.3,0,0,0,0,0,0,3,0.8,2,0.5,1,0.3,12,3,3,0.8,0,0,0,0,0,0,0,0,0,4,40.9,2018
Tiah Haynes,FRE,15,5,8,2.7,23,7.7,12,4,9,3,52.2,7,2.3,4,1.3,0,0,0,0,0,0,2,0.7,1,0.3,0,0,9,3,0,0,1,0.3,0,0,0,0,0,0,0,3,74.9,2018
Anna Teague,MELB,11,2.8,12,3,23,5.8,9,2.3,13,3.3,87,3,0.8,5,1.3,0,0,0,0,0,0,0,0,4,1,3,0.8,4,1,10,2.5,0,0,0,0,0,0,0,0,0,4,88.1,2018
Maddy Collier,GWS,16,4,7,1.8,23,5.8,14,3.5,9,2.3,65.2,8,2,3,0.8,0,0,0,0,0,0,0,0,2,0.5,2,0.5,13,3.3,2,0.5,0,0,0,0,0,0,1,0.3,0,4,63.8,2018
Ashleigh Brazill,COLL,15,7.5,7,3.5,22,11,11,5.5,8,4,50,6,3,5,2.5,2,1,0,0,0,0,2,1,0,0,1,0.5,5,2.5,4,2,0,0,0,0,0,0,0,0,0,2,100,2018
Isabella Ayre,BL,10,1.7,12,2,22,3.7,14,2.3,9,1.5,59.1,5,0.8,8,1.3,2,0.3,2,0.3,0,0,0,0,1,0.2,2,0.3,8,1.3,1,0.2,0,0,0,0,2,0.3,1,0.2,0,6,61.6,2018
Aimee Schmidt,GWS,20,4,2,0.4,22,4.4,11,2.2,13,2.6,50,3,0.6,1,0.2,0,0,1,0.2,0,0,0,0,0,0,2,0.4,9,1.8,2,0.4,0,0,3,0.6,3,0.6,0,0,50,5,60.3,2018
Sophie Armitstead,ADEL,13,4.3,8,2.7,21,7,15,5,5,1.7,71.4,3,1,3,1,0,0,0,0,0,0,4,1.3,1,0.3,1,0.3,1,0.3,0,0,0,0,0,0,0,0,0,0,0,3,54.4,2018
Emma Humphries,MELB,10,3.3,11,3.7,21,7,15,5,12,4,76.2,6,2,4,1.3,0,0,1,0.3,0,0,1,0.3,4,1.3,2,0.7,5,1.7,3,1,0,0,0,0,0,0,1,0.3,0,3,60.7,2018
Ruby Schleicher,COLL,14,2.8,6,1.2,20,4,10,2,9,1.8,60,6,1.2,6,1.2,0,0,0,0,0,0,0,0,1,0.2,4,0.8,9,1.8,9,1.8,0,0,0,0,0,0,0,0,0,5,57.7,2018
Madeline Keryk,CARL,15,7.5,4,2,19,9.5,4,2,13,6.5,42.1,7,3.5,3,1.5,0,0,0,0,0,0,0,0,0,0,2,1,4,2,0,0,0,0,0,0,0,0,0,0,0,2,60.1,2018
Kim Rennie,WB,11,2.2,8,1.6,19,3.8,9,1.8,11,2.2,68.4,0,0,4,0.8,1,0.2,0,0,51,10.2,1,0.2,3,0.6,0,0,13,2.6,6,1.2,0,0,0,0,0,0,0,0,0,5,55.1,2018
Claudia Whitfort,MELB,14,4.7,5,1.7,19,6.3,10,3.3,10,3.3,47.4,6,2,4,1.3,0,0,1,0.3,0,0,1,0.3,1,0.3,0,0,3,1,2,0.7,1,0.3,0,0,1,0.3,0,0,0,3,62.8,2018
Emma Pittman,BL,11,2.8,8,2,19,4.8,10,2.5,9,2.3,57.9,5,1.3,4,1,0,0,0,0,0,0,1,0.3,2,0.5,3,0.8,4,1,2,0.5,1,0.3,0,0,0,0,0,0,0,4,52.7,2018
Erin Hoare,MELB,7,1.8,11,2.8,18,4.5,10,2.5,7,1.8,55.6,7,1.8,4,1,1,0.3,0,0,66,16.5,3,0.8,1,0.3,1,0.3,10,2.5,1,0.3,0,0,0,0,0,0,0,0,0,4,63.2,2018
Jodie White,FRE,8,2,10,2.5,18,4.5,8,2,9,2.3,50,2,0.5,2,0.5,0,0,0,0,28,7,1,0.3,0,0,0,0,5,1.3,1,0.3,0,0,0,0,0,0,0,0,0,4,44.6,2018
Reni Hicks,CARL,12,3,5,1.3,17,4.3,9,2.3,4,1,58.8,7,1.8,3,0.8,0,0,0,0,0,0,0,0,1,0.3,2,0.5,6,1.5,3,0.8,0,0,0,0,0,0,0,0,0,4,70.4,2018
Stacey Barr,FRE,11,2.2,6,1.2,17,3.4,12,2.4,6,1.2,35.3,5,1,5,1,1,0.2,5,1,0,0,1,0.2,1,0.2,3,0.6,15,3,3,0.6,0,0,2,0.4,1,0.2,0,0,50,5,92.3,2018
Kirsten McLeod,WB,14,3.5,3,0.8,17,4.3,9,2.3,6,1.5,64.7,2,0.5,5,1.3,0,0,2,0.5,0,0,0,0,0,0,2,0.5,10,2.5,4,1,0,0,3,0.8,1,0.3,1,0.3,75,4,63.7,2018
Bridie Kennedy,CARL,11,2.8,5,1.3,16,4,6,1.5,11,2.8,50,8,2,6,1.5,0,0,0,0,0,0,0,0,0,0,3,0.8,4,1,5,1.3,0,0,0,0,0,0,0,0,0,4,60.8,2018
Emma Mackie,WB,5,1.7,11,3.7,16,5.3,9,3,6,2,68.8,3,1,2,0.7,0,0,1,0.3,0,0,0,0,2,0.7,1,0.3,5,1.7,2,0.7,0,0,0,0,1,0.3,0,0,0,3,38.9,2018
Renee Tomkins,GWS,8,2,8,2,16,4,12,3,6,1.5,68.8,6,1.5,1,0.3,0,0,0,0,19,4.8,2,0.5,1,0.3,3,0.8,4,1,8,2,0,0,0,0,0,0,0,0,0,4,42.3,2018
Sophie Casey,COLL,9,3,5,1.7,14,4.7,11,3.7,6,2,57.1,5,1.7,0,0,0,0,0,0,0,0,1,0.3,2,0.7,2,0.7,8,2.7,9,3,0,0,0,0,0,0,0,0,0,3,64.1,2018
Stacey Livingstone,COLL,12,6,2,1,14,7,5,2.5,9,4.5,71.4,4,2,4,2,0,0,0,0,0,0,1,0.5,1,0.5,2,1,5,2.5,6,3,0,0,0,0,0,0,0,0,0,2,84.1,2018
Jessica Allan,ADEL,9,2.3,5,1.3,14,3.5,7,1.8,8,2,42.9,6,1.5,3,0.8,1,0.3,1,0.3,21,5.3,0,0,1,0.3,1,0.3,3,0.8,6,1.5,0,0,0,0,1,0.3,0,0,0,4,48.8,2018
Isabel Huntington,WB,11,5.5,3,1.5,14,7,9,4.5,6,3,42.9,3,1.5,8,4,3,1.5,5,2.5,1,0.5,0,0,0,0,1,0.5,2,1,0,0,0,0,2,1,0,0,1,0.5,66.7,2,66,2018
Tayla McAuliffe,FRE,10,3.3,3,1,13,4.3,5,1.7,7,2.3,38.5,3,1,3,1,0,0,0,0,12,4,3,1,0,0,0,0,1,0.3,2,0.7,0,0,0,0,0,0,0,0,0,3,43.7,2018
Eden Zanker,MELB,8,2.7,5,1.7,13,4.3,12,4,4,1.3,61.5,7,2.3,3,1,1,0.3,0,0,5,1.7,1,0.3,2,0.7,5,1.7,7,2.3,1,0.3,0,0,0,0,2,0.7,3,1,0,3,70,2018
Holly Whitford,COLL,8,2.7,4,1.3,12,4,5,1.7,8,2.7,41.7,7,2.3,4,1.3,0,0,0,0,0,0,1,0.3,0,0,4,1.3,10,3.3,0,0,0,0,0,0,0,0,0,0,0,3,64.5,2018
Sarah Last,CARL,6,3,6,3,12,6,8,4,4,2,41.7,2,1,2,1,0,0,0,0,0,0,0,0,1,0.5,0,0,2,1,2,1,0,0,0,0,0,0,0,0,0,2,83.9,2018
Abbey Holmes,ADEL,8,2.7,4,1.3,12,4,7,2.3,6,2,58.3,3,1,2,0.7,0,0,0,0,0,0,0,0,1,0.3,0,0,6,2,2,0.7,0,0,1,0.3,0,0,0,0,100,3,68.2,2018
Alyssa Mifsud,MELB,5,2.5,6,3,11,5.5,6,3,5,2.5,63.6,1,0.5,1,0.5,0,0,1,0.5,0,0,0,0,1,0.5,0,0,2,1,0,0,0,0,1,0.5,1,0.5,2,1,50,2,60,2018
Madeleine Boyd,GWS,8,4,3,1.5,11,5.5,7,3.5,3,1.5,45.5,5,2.5,7,3.5,4,2,0,0,7,3.5,0,0,0,0,3,1.5,3,1.5,3,1.5,0,0,0,0,0,0,0,0,0,2,53.7,2018
Emily McGuire,FRE,7,2.3,4,1.3,11,3.7,8,2.7,4,1.3,63.6,8,2.7,2,0.7,0,0,1,0.3,1,0.3,1,0.3,0,0,3,1,6,2,2,0.7,0,0,2,0.7,1,0.3,0,0,66.7,3,59,2018
Kellie Gibson,FRE,9,9,2,2,11,11,9,9,1,1,63.6,5,5,1,1,1,1,0,0,0,0,0,0,2,2,1,1,1,1,1,1,0,0,1,1,1,1,1,1,50,1,91.8,2018
Georgie Parker,COLL,4,2,7,3.5,11,5.5,7,3.5,2,1,72.7,0,0,1,0.5,0,0,0,0,0,0,1,0.5,0,0,0,0,3,1.5,2,1,0,0,0,0,0,0,0,0,0,2,52.2,2018
Courtney Webb,CARL,7,3.5,3,1.5,10,5,5,2.5,6,3,50,0,0,2,1,0,0,1,0.5,0,0,2,1,0,0,0,0,4,2,2,1,0,0,0,0,1,0.5,0,0,0,2,59.6,2018
Eliza Hynes,COLL,4,2,6,3,10,5,5,2.5,5,2.5,30,2,1,1,0.5,0,0,0,0,21,10.5,2,1,1,0.5,1,0.5,1,0.5,0,0,0,0,0,0,0,0,0,0,0,2,57.2,2018
Tayla Bresland,FRE,8,4,1,0.5,9,4.5,5,2.5,2,1,66.7,2,1,1,0.5,0,0,0,0,0,0,0,0,3,1.5,1,0.5,5,2.5,5,2.5,0,0,0,0,0,0,0,0,0,2,93.8,2018
Sarah Dargan,COLL,3,1,6,2,9,3,8,2.7,3,1,77.8,7,2.3,1,0.3,0,0,0,0,0,0,1,0.3,1,0.3,5,1.7,3,1,2,0.7,0,0,0,0,0,0,1,0.3,0,3,54,2018
Talia Radan,ADEL,6,3,3,1.5,9,4.5,3,1.5,5,2.5,66.7,3,1.5,2,1,0,0,0,0,0,0,0,0,0,0,2,1,1,0.5,5,2.5,0,0,0,0,0,0,0,0,0,2,60.2,2018
Sally Riley,ADEL,5,2.5,4,2,9,4.5,5,2.5,4,2,55.6,2,1,0,0,0,0,0,0,0,0,0,0,2,1,0,0,9,4.5,3,1.5,0,0,0,0,0,0,0,0,0,2,63.9,2018
Kristy Stratton,COLL,7,3.5,2,1,9,4.5,8,4,3,1.5,22.2,6,3,1,0.5,0,0,0,0,0,0,2,1,2,1,2,1,4,2,3,1.5,0,0,0,0,0,0,0,0,0,2,67.4,2018
Gabby Collingwood,BL,3,0.8,5,1.3,8,2,3,0.8,6,1.5,62.5,0,0,2,0.5,0,0,0,0,0,0,0,0,0,0,0,0,5,1.3,1,0.3,0,0,0,0,0,0,0,0,0,4,43,2018
Jade de Melo,FRE,6,3,2,1,8,4,4,2,4,2,25,3,1.5,2,1,0,0,0,0,0,0,0,0,1,0.5,2,1,2,1,1,0.5,0,0,0,0,0,0,0,0,0,2,48.1,2018
Natalie Plane,CARL,8,4,0,0,8,4,4,2,5,2.5,50,1,0.5,4,2,0,0,0,0,0,0,1,0.5,0,0,1,0.5,2,1,2,1,0,0,0,0,0,0,0,0,0,2,77.5,2018
Katie-Jayne Grieve,CARL,5,2.5,2,1,7,3.5,6,3,2,1,14.3,7,3.5,1,0.5,0,0,0,0,1,0.5,1,0.5,0,0,3,1.5,3,1.5,1,0.5,1,0.5,0,0,1,0.5,0,0,0,2,51.6,2018
Brianna Green,FRE,5,5,2,2,7,7,3,3,3,3,14.3,3,3,0,0,0,0,0,0,0,0,0,0,2,2,1,1,9,9,1,1,0,0,0,0,0,0,0,0,0,1,75.5,2018
Tiahna Cochrane,CARL,3,3,3,3,6,6,5,5,1,1,33.3,2,2,0,0,0,0,0,0,0,0,2,2,1,1,1,1,3,3,1,1,0,0,0,0,0,0,0,0,0,1,46.5,2018
Rachael Killian,ADEL,4,2,2,1,6,3,3,1.5,4,2,50,2,1,0,0,0,0,0,0,0,0,0,0,0,0,1,0.5,3,1.5,3,1.5,0,0,0,0,1,0.5,0,0,0,2,71.9,2018
Louise Stephenson,GWS,5,2.5,1,0.5,6,3,1,0.5,4,2,0,8,4,1,0.5,0,0,1,0.5,0,0,0,0,0,0,4,2,3,1.5,1,0.5,0,0,0,0,0,0,0,0,0,2,66.1,2018
Kate Shierlaw,CARL,4,1,2,0.5,6,1.5,4,1,2,0.5,50,5,1.3,0,0,0,0,0,0,7,1.8,1,0.3,2,0.5,3,0.8,3,0.8,1,0.3,0,0,1,0.3,0,0,1,0.3,100,4,60.4,2018
Laura Bailey,WB,4,2,1,0.5,5,2.5,5,2.5,2,1,40,2,1,1,0.5,0,0,0,0,0,0,0,0,2,1,1,0.5,4,2,0,0,1,0.5,0,0,1,0.5,0,0,0,2,47.3,2018
Daria Bannister,WB,4,4,1,1,5,5,1,1,4,4,40,1,1,3,3,0,0,1,1,0,0,0,0,0,0,0,0,2,2,0,0,0,0,0,0,0,0,0,0,0,1,73.8,2018
Philippa Smyth,GWS,1,1,4,4,5,5,5,5,0,0,20,1,1,0,0,0,0,0,0,5,5,0,0,0,0,1,1,2,2,2,2,0,0,0,0,0,0,0,0,0,1,38.5,2018
Maddy Guerin,MELB,4,4,1,1,5,5,4,4,2,2,60,3,3,0,0,0,0,0,0,0,0,1,1,1,1,1,1,1,1,0,0,0,0,0,0,0,0,0,0,0,1,66.4,2018
Laura Attard,CARL,3,3,2,2,5,5,2,2,3,3,60,3,3,1,1,0,0,0,0,0,0,0,0,0,0,1,1,3,3,1,1,0,0,0,0,0,0,0,0,0,1,56.5,2018
Rebecca Privitelli,GWS,1,1,3,3,4,4,1,1,3,3,50,3,3,3,3,0,0,0,0,0,0,0,0,0,0,1,1,3,3,0,0,0,0,0,0,0,0,0,0,0,1,67.6,2018
Gemma Houghton,FRE,4,2,0,0,4,2,1,0.5,3,1.5,25,3,1.5,3,1.5,0,0,1,0.5,2,1,0,0,1,0.5,1,0.5,4,2,2,1,0,0,0,0,0,0,0,0,0,2,41.2,2018
Sarah Lampard,MELB,0,0,2,2,2,2,1,1,1,1,100,0,0,0,0,0,0,0,0,0,0,0,0,0,0,0,0,0,0,2,2,0,0,0,0,0,0,0,0,0,1,8.5,2018
Kimberley Ebb,WB,0,0,0,0,0,0,0,0,0,0,0,0,0,0,0,0,0,0,0,0,0,0,0,0,0,0,0,0,0,0,0,0,0,0,0,0,0,0,0,0,0,0,2018
Jessica Anderson,WB,0,0,0,0,0,0,0,0,1,1,0,1,1,0,0,0,0,0,0,0,0,0,0,0,0,1,1,0,0,0,0,0,0,0,0,0,0,0,0,0,1,44.6,2018
Melissa Freckelton,GWS,0,0,0,0,0,0,0,0,0,0,0,0,0,0,0,0,0,0,0,0,0,0,0,0,0,0,0,0,0,0,0,0,0,0,0,0,0,0,0,0,0,0,2018
Kalinda Howarth,BL,0,0,0,0,0,0,0,0,0,0,0,0,0,0,0,0,0,0,0,0,0,0,0,0,0,0,0,0,0,0,0,0,0,0,0,0,0,0,0,0,0,0,2018
Calista Boyd,ADEL,0,0,0,0,0,0,0,0,0,0,0,0,0,0,0,0,0,0,0,0,0,0,0,0,0,0,0,0,0,0,0,0,0,0,0,0,0,0,0,0,0,0,2018
Renee Cowan,BL,0,0,0,0,0,0,0,0,0,0,0,0,0,0,0,0,0,0,0,0,0,0,0,0,0,0,0,0,0,0,0,0,0,0,0,0,0,0,0,0,0,0,2018
Rachel Ashley,WB,0,0,0,0,0,0,0,0,0,0,0,0,0,0,0,0,0,0,0,0,0,0,0,0,0,0,0,0,0,0,0,0,0,0,0,0,0,0,0,0,0,0,2018
Kirby Bentley,FRE,0,0,0,0,0,0,0,0,0,0,0,0,0,0,0,0,0,0,0,0,0,0,0,0,0,0,0,0,0,0,0,0,0,0,0,0,0,0,0,0,0,0,2018
Kiara Bowers,FRE,0,0,0,0,0,0,0,0,0,0,0,0,0,0,0,0,0,0,0,0,0,0,0,0,0,0,0,0,0,0,0,0,0,0,0,0,0,0,0,0,0,0,2018
Brianna Walling,ADEL,0,0,0,0,0,0,0,0,0,0,0,0,0,0,0,0,0,0,0,0,0,0,0,0,0,0,0,0,0,0,0,0,0,0,0,0,0,0,0,0,0,0,2018
Alexandra Saundry,GWS,0,0,0,0,0,0,0,0,0,0,0,0,0,0,0,0,0,0,0,0,0,0,0,0,0,0,0,0,0,0,0,0,0,0,0,0,0,0,0,0,0,0,2018
Ainslie Kemp,MELB,0,0,0,0,0,0,0,0,0,0,0,0,0,0,0,0,0,0,0,0,0,0,0,0,0,0,0,0,0,0,0,0,0,0,0,0,0,0,0,0,0,0,2018
Jessy Keeffe,BL,0,0,0,0,0,0,0,0,0,0,0,0,0,0,0,0,0,0,0,0,0,0,0,0,0,0,0,0,0,0,0,0,0,0,0,0,0,0,0,0,0,0,2018
Sam Virgo,BL,0,0,0,0,0,0,0,0,0,0,0,0,0,0,0,0,0,0,0,0,0,0,0,0,0,0,0,0,0,0,0,0,0,0,0,0,0,0,0,0,0,0,2018
Tait Mackrill,GWS,0,0,0,0,0,0,0,0,0,0,0,0,0,0,0,0,0,0,0,0,0,0,0,0,0,0,0,0,0,0,0,0,0,0,0,0,0,0,0,0,0,0,2018
Becchara Palmer,ADEL,0,0,0,0,0,0,0,0,0,0,0,0,0,0,0,0,0,0,0,0,0,0,0,0,0,0,0,0,0,0,0,0,0,0,0,0,0,0,0,0,0,0,2018
Beatrice Devlyn,FRE,0,0,0,0,0,0,0,0,0,0,0,0,0,0,0,0,0,0,0,0,0,0,0,0,0,0,0,0,0,0,0,0,0,0,0,0,0,0,0,0,0,0,2018
Darcy Guttridge,COLL,0,0,0,0,0,0,0,0,0,0,0,0,0,0,0,0,0,0,0,0,0,0,0,0,0,0,0,0,0,0,0,0,0,0,0,0,0,0,0,0,0,0,2018
Ellyse Gamble,WB,0,0,0,0,0,0,0,0,0,0,0,0,0,0,0,0,0,0,0,0,0,0,0,0,0,0,0,0,0,0,0,0,0,0,0,0,0,0,0,0,0,0,2018
Maddie Shevlin,MELB,0,0,0,0,0,0,0,0,0,0,0,0,0,0,0,0,0,0,0,0,0,0,0,0,0,0,0,0,0,0,0,0,0,0,0,0,0,0,0,0,0,0,2018
Molly Ritson,BL,0,0,0,0,0,0,0,0,0,0,0,0,0,0,0,0,0,0,0,0,0,0,0,0,0,0,0,0,0,0,0,0,0,0,0,0,0,0,0,0,0,0,2018
Krystal Scott,BL,0,0,0,0,0,0,0,0,0,0,0,0,0,0,0,0,0,0,0,0,0,0,0,0,0,0,0,0,0,0,0,0,0,0,0,0,0,0,0,0,0,0,2018
Haneen Zreika,GWS,0,0,0,0,0,0,0,0,0,0,0,0,0,0,0,0,0,0,0,0,0,0,0,0,0,0,0,0,0,0,0,0,0,0,0,0,0,0,0,0,0,0,2018
Ruby Blair,BL,0,0,0,0,0,0,0,0,0,0,0,0,0,0,0,0,0,0,0,0,0,0,0,0,0,0,0,0,0,0,0,0,0,0,0,0,0,0,0,0,0,0,2018
